date,date_str,status,error_type,error_msg,attempts,slept_backoff_sec,created_at
1983-02-01,01-02-83,EMPTY,EMPTY_RETURN,get_weather_features returned {},1,0.0,2026-05-12T06:48:22
1983-04-26,26-04-83,EMPTY,EMPTY_RETURN,get_weather_features returned {},1,0.0,2026-05-12T06:48:24
1983-05-04,04-05-83,EMPTY,EMPTY_RETURN,get_weather_features returned {},1,0.0,2026-05-12T06:48:24
1983-05-24,24-05-83,EMPTY,EMPTY_RETURN,get_weather_features returned {},1,0.0,2026-05-12T06:48:25
1983-06-20,20-06-83,EMPTY,EMPTY_RETURN,get_weather_features returned {},1,0.0,2026-05-12T06:48:25
1983-06-21,21-06-83,EMPTY,EMPTY_RETURN,get_weather_features returned {},1,0.0,2026-05-12T06:48:25
1983-07-26,26-07-83,EMPTY,EMPTY_RETURN,get_weather_features returned {},1,0.0,2026-05-12T06:48:26
1983-11-01,01-11-83,EMPTY,EMPTY_RETURN,get_weather_features returned {},1,0.0,2026-05-12T06:48:28
1984-01-23,23-01-84,EMPTY,EMPTY_RETURN,get_weather_features returned {},1,0.0,2026-05-12T06:48:30
1984-01-29,29-01-84,EMPTY,EMPTY_RETURN,get_weather_features returned {},1,0.0,2026-05-12T06:48:30
1984-03-05,05-03-84,EMPTY,EMPTY_RETURN,get_weather_features returned {},1,0.0,2026-05-12T06:48:31
1984-04-17,17-04-84,EMPTY,EMPTY_RETURN,get_weather_features returned {},1,0.0,2026-05-12T06:48:32
1984-05-12,12-05-84,EMPTY,EMPTY_RETURN,get_weather_features returned {},1,0.0,2026-05-12T06:48:32
1984-06-06,06-06-84,EMPTY,EMPTY_RETURN,get_weather_features returned {},1,0.0,2026-05-12T06:48:33
1984-08-13,13-08-84,EMPTY,EMPTY_RETURN,get_weather_features returned {},1,0.0,2026-05-12T06:48:34
1984-10-15,15-10-84,EMPTY,EMPTY_RETURN,get_weather_features returned {},1,0.0,2026-05-12T06:48:36
1984-10-20,20-10-84,EMPTY,EMPTY_RETURN,get_weather_features returned {},1,0.0,2026-05-12T06:48:36
1984-11-08,08-11-84,EMPTY,EMPTY_RETURN,get_weather_features returned {},1,0.0,2026-05-12T06:48:36
1985-01-01,01-01-85,EMPTY,EMPTY_RETURN,get_weather_features returned {},1,0.0,2026-05-12T06:48:38
1985-11-12,12-11-85,EMPTY,EMPTY_RETURN,get_weather_features returned {},1,0.0,2026-05-12T06:48:45
1986-02-05,05-02-86,EMPTY,EMPTY_RETURN,get_weather_features returned {},1,0.0,2026-05-12T06:48:46
1986-02-16,16-02-86,EMPTY,EMPTY_RETURN,get_weather_features returned {},1,0.0,2026-05-12T06:48:47
1986-03-31,31-03-86,EMPTY,EMPTY_RETURN,get_weather_features returned {},1,0.0,2026-05-12T06:48:48
1986-05-11,11-05-86,EMPTY,EMPTY_RETURN,get_weather_features returned {},1,0.0,2026-05-12T06:48:49
1986-05-17,17-05-86,EMPTY,EMPTY_RETURN,get_weather_features returned {},1,0.0,2026-05-12T06:48:49
1986-06-19,19-06-86,EMPTY,EMPTY_RETURN,get_weather_features returned {},1,0.0,2026-05-12T06:48:49
1986-09-25,25-09-86,EMPTY,EMPTY_RETURN,get_weather_features returned {},1,0.0,2026-05-12T06:48:52
1986-10-13,13-10-86,EMPTY,EMPTY_RETURN,get_weather_features returned {},1,0.0,2026-05-12T06:48:52
1986-10-28,28-10-86,EMPTY,EMPTY_RETURN,get_weather_features returned {},1,0.0,2026-05-12T06:48:52
1986-12-16,16-12-86,EMPTY,EMPTY_RETURN,get_weather_features returned {},1,0.0,2026-05-12T06:48:53
1987-03-05,05-03-87,EMPTY,EMPTY_RETURN,get_weather_features returned {},1,0.0,2026-05-12T06:48:55
1987-03-08,08-03-87,EMPTY,EMPTY_RETURN,get_weather_features returned {},1,0.0,2026-05-12T06:48:55
1987-03-26,26-03-87,EMPTY,EMPTY_RETURN,get_weather_features returned {},1,0.0,2026-05-12T06:48:56
1987-07-20,20-07-87,EMPTY,EMPTY_RETURN,get_weather_features returned {},1,0.0,2026-05-12T06:48:58
1987-07-31,31-07-87,EMPTY,EMPTY_RETURN,get_weather_features returned {},1,0.0,2026-05-12T06:48:59
1987-10-15,15-10-87,EMPTY,EMPTY_RETURN,get_weather_features returned {},1,0.0,2026-05-12T06:49:00
1988-01-20,20-01-88,EMPTY,EMPTY_RETURN,get_weather_features returned {},1,0.0,2026-05-12T06:49:02
1988-02-18,18-02-88,EMPTY,EMPTY_RETURN,get_weather_features returned {},1,0.0,2026-05-12T06:49:03
1988-04-04,04-04-88,EMPTY,EMPTY_RETURN,get_weather_features returned {},1,0.0,2026-05-12T06:49:04
1988-05-14,14-05-88,EMPTY,EMPTY_RETURN,get_weather_features returned {},1,0.0,2026-05-12T06:49:05
1988-05-26,26-05-88,EMPTY,EMPTY_RETURN,get_weather_features returned {},1,0.0,2026-05-12T06:49:05
1988-09-25,25-09-88,EMPTY,EMPTY_RETURN,get_weather_features returned {},1,0.0,2026-05-12T06:49:08
1989-01-23,23-01-89,EMPTY,EMPTY_RETURN,get_weather_features returned {},1,0.0,2026-05-12T06:49:11
1989-02-01,01-02-89,EMPTY,EMPTY_RETURN,get_weather_features returned {},1,0.0,2026-05-12T06:49:11
1989-04-16,16-04-89,EMPTY,EMPTY_RETURN,get_weather_features returned {},1,0.0,2026-05-12T06:49:13
1989-07-02,02-07-89,EMPTY,EMPTY_RETURN,get_weather_features returned {},1,0.0,2026-05-12T06:49:15
1989-11-22,22-11-89,EMPTY,EMPTY_RETURN,get_weather_features returned {},1,0.0,2026-05-12T06:49:18
1990-01-21,21-01-90,EMPTY,EMPTY_RETURN,get_weather_features returned {},1,0.0,2026-05-12T06:49:19
1990-02-26,26-02-90,EMPTY,EMPTY_RETURN,get_weather_features returned {},1,0.0,2026-05-12T06:49:20
1990-04-25,25-04-90,EMPTY,EMPTY_RETURN,get_weather_features returned {},1,0.0,2026-05-12T06:49:22
1990-05-13,13-05-90,EMPTY,EMPTY_RETURN,get_weather_features returned {},1,0.0,2026-05-12T06:49:22
1990-07-25,25-07-90,EMPTY,EMPTY_RETURN,get_weather_features returned {},1,0.0,2026-05-12T06:49:24
1990-09-08,08-09-90,EMPTY,EMPTY_RETURN,get_weather_features returned {},1,0.0,2026-05-12T06:49:25
1990-09-26,26-09-90,EMPTY,EMPTY_RETURN,get_weather_features returned {},1,0.0,2026-05-12T06:49:25
1991-01-12,12-01-91,EMPTY,EMPTY_RETURN,get_weather_features returned {},1,0.0,2026-05-12T06:49:28
1991-03-05,05-03-91,EMPTY,EMPTY_RETURN,get_weather_features returned {},1,0.0,2026-05-12T06:49:29
1991-03-25,25-03-91,EMPTY,EMPTY_RETURN,get_weather_features returned {},1,0.0,2026-05-12T06:49:29
1991-04-27,27-04-91,EMPTY,EMPTY_RETURN,get_weather_features returned {},1,0.0,2026-05-12T06:49:30
1991-04-30,30-04-91,EMPTY,EMPTY_RETURN,get_weather_features returned {},1,0.0,2026-05-12T06:49:30
1991-05-01,01-05-91,EMPTY,EMPTY_RETURN,get_weather_features returned {},1,0.0,2026-05-12T06:49:30
1991-06-20,20-06-91,EMPTY,EMPTY_RETURN,get_weather_features returned {},1,0.0,2026-05-12T06:49:31
1991-07-27,27-07-91,EMPTY,EMPTY_RETURN,get_weather_features returned {},1,0.0,2026-05-12T06:49:32
1991-11-14,14-11-91,EMPTY,EMPTY_RETURN,get_weather_features returned {},1,0.0,2026-05-12T06:49:35
1992-06-27,27-06-92,EMPTY,EMPTY_RETURN,get_weather_features returned {},1,0.0,2026-05-12T06:49:40
1992-07-06,06-07-92,EMPTY,EMPTY_RETURN,get_weather_features returned {},1,0.0,2026-05-12T06:49:40
1992-08-22,22-08-92,EMPTY,EMPTY_RETURN,get_weather_features returned {},1,0.0,2026-05-12T06:49:41
1992-11-11,11-11-92,EMPTY,EMPTY_RETURN,get_weather_features returned {},1,0.0,2026-05-12T06:49:44
1996-05-01,01-05-96,EMPTY,EMPTY_RETURN,get_weather_features returned {},1,0.0,2026-05-12T06:50:15
1996-05-02,02-05-96,EMPTY,EMPTY_RETURN,get_weather_features returned {},1,0.0,2026-05-12T06:50:15
1996-05-03,03-05-96,EMPTY,EMPTY_RETURN,get_weather_features returned {},1,0.0,2026-05-12T06:50:15
1996-05-04,04-05-96,EMPTY,EMPTY_RETURN,get_weather_features returned {},1,0.0,2026-05-12T06:50:15
1996-05-05,05-05-96,EMPTY,EMPTY_RETURN,get_weather_features returned {},1,0.0,2026-05-12T06:50:15
1996-05-06,06-05-96,EMPTY,EMPTY_RETURN,get_weather_features returned {},1,0.0,2026-05-12T06:50:15
1996-05-07,07-05-96,EMPTY,EMPTY_RETURN,get_weather_features returned {},1,0.0,2026-05-12T06:50:15
1996-05-08,08-05-96,EMPTY,EMPTY_RETURN,get_weather_features returned {},1,0.0,2026-05-12T06:50:15
1996-05-09,09-05-96,EMPTY,EMPTY_RETURN,get_weather_features returned {},1,0.0,2026-05-12T06:50:15
1996-05-10,10-05-96,EMPTY,EMPTY_RETURN,get_weather_features returned {},1,0.0,2026-05-12T06:50:15
1996-05-11,11-05-96,EMPTY,EMPTY_RETURN,get_weather_features returned {},1,0.0,2026-05-12T06:50:15
1996-05-12,12-05-96,EMPTY,EMPTY_RETURN,get_weather_features returned {},1,0.0,2026-05-12T06:50:15
1996-05-13,13-05-96,EMPTY,EMPTY_RETURN,get_weather_features returned {},1,0.0,2026-05-12T06:50:15
1996-05-14,14-05-96,EMPTY,EMPTY_RETURN,get_weather_features returned {},1,0.0,2026-05-12T06:50:15
1996-05-15,15-05-96,EMPTY,EMPTY_RETURN,get_weather_features returned {},1,0.0,2026-05-12T06:50:15
1996-05-16,16-05-96,EMPTY,EMPTY_RETURN,get_weather_features returned {},1,0.0,2026-05-12T06:50:15
1996-05-17,17-05-96,EMPTY,EMPTY_RETURN,get_weather_features returned {},1,0.0,2026-05-12T06:50:15
1996-05-19,19-05-96,EMPTY,EMPTY_RETURN,get_weather_features returned {},1,0.0,2026-05-12T06:50:15
1996-05-20,20-05-96,EMPTY,EMPTY_RETURN,get_weather_features returned {},1,0.0,2026-05-12T06:50:15
1996-05-21,21-05-96,EMPTY,EMPTY_RETURN,get_weather_features returned {},1,0.0,2026-05-12T06:50:15
1996-05-22,22-05-96,EMPTY,EMPTY_RETURN,get_weather_features returned {},1,0.0,2026-05-12T06:50:15
1996-05-24,24-05-96,EMPTY,EMPTY_RETURN,get_weather_features returned {},1,0.0,2026-05-12T06:50:15
1996-05-25,25-05-96,EMPTY,EMPTY_RETURN,get_weather_features returned {},1,0.0,2026-05-12T06:50:15
1996-05-26,26-05-96,EMPTY,EMPTY_RETURN,get_weather_features returned {},1,0.0,2026-05-12T06:50:15
1996-05-28,28-05-96,EMPTY,EMPTY_RETURN,get_weather_features returned {},1,0.0,2026-05-12T06:50:15
1996-05-29,29-05-96,EMPTY,EMPTY_RETURN,get_weather_features returned {},1,0.0,2026-05-12T06:50:15
1996-05-30,30-05-96,EMPTY,EMPTY_RETURN,get_weather_features returned {},1,0.0,2026-05-12T06:50:15
1996-05-31,31-05-96,EMPTY,EMPTY_RETURN,get_weather_features returned {},1,0.0,2026-05-12T06:50:15
1996-06-01,01-06-96,EMPTY,EMPTY_RETURN,get_weather_features returned {},1,0.0,2026-05-12T06:50:15
1996-06-02,02-06-96,EMPTY,EMPTY_RETURN,get_weather_features returned {},1,0.0,2026-05-12T06:50:15
1996-06-03,03-06-96,EMPTY,EMPTY_RETURN,get_weather_features returned {},1,0.0,2026-05-12T06:50:15
1996-06-04,04-06-96,EMPTY,EMPTY_RETURN,get_weather_features returned {},1,0.0,2026-05-12T06:50:15
1996-06-05,05-06-96,EMPTY,EMPTY_RETURN,get_weather_features returned {},1,0.0,2026-05-12T06:50:15
1996-06-06,06-06-96,EMPTY,EMPTY_RETURN,get_weather_features returned {},1,0.0,2026-05-12T06:50:15
1996-06-07,07-06-96,EMPTY,EMPTY_RETURN,get_weather_features returned {},1,0.0,2026-05-12T06:50:15
1996-06-08,08-06-96,EMPTY,EMPTY_RETURN,get_weather_features returned {},1,0.0,2026-05-12T06:50:15
1996-06-10,10-06-96,EMPTY,EMPTY_RETURN,get_weather_features returned {},1,0.0,2026-05-12T06:50:15
1996-06-11,11-06-96,EMPTY,EMPTY_RETURN,get_weather_features returned {},1,0.0,2026-05-12T06:50:16
1996-06-12,12-06-96,EMPTY,EMPTY_RETURN,get_weather_features returned {},1,0.0,2026-05-12T06:50:16
1996-06-13,13-06-96,EMPTY,EMPTY_RETURN,get_weather_features returned {},1,0.0,2026-05-12T06:50:16
1996-06-14,14-06-96,EMPTY,EMPTY_RETURN,get_weather_features returned {},1,0.0,2026-05-12T06:50:16
1996-06-15,15-06-96,EMPTY,EMPTY_RETURN,get_weather_features returned {},1,0.0,2026-05-12T06:50:16
1996-06-16,16-06-96,EMPTY,EMPTY_RETURN,get_weather_features returned {},1,0.0,2026-05-12T06:50:16
1996-06-17,17-06-96,EMPTY,EMPTY_RETURN,get_weather_features returned {},1,0.0,2026-05-12T06:50:16
1996-06-18,18-06-96,EMPTY,EMPTY_RETURN,get_weather_features returned {},1,0.0,2026-05-12T06:50:16
1996-06-19,19-06-96,EMPTY,EMPTY_RETURN,get_weather_features returned {},1,0.0,2026-05-12T06:50:16
1996-06-21,21-06-96,EMPTY,EMPTY_RETURN,get_weather_features returned {},1,0.0,2026-05-12T06:50:16
1996-06-22,22-06-96,EMPTY,EMPTY_RETURN,get_weather_features returned {},1,0.0,2026-05-12T06:50:16
1996-06-23,23-06-96,EMPTY,EMPTY_RETURN,get_weather_features returned {},1,0.0,2026-05-12T06:50:16
1996-06-25,25-06-96,EMPTY,EMPTY_RETURN,get_weather_features returned {},1,0.0,2026-05-12T06:50:16
1996-06-26,26-06-96,EMPTY,EMPTY_RETURN,get_weather_features returned {},1,0.0,2026-05-12T06:50:16
1996-06-27,27-06-96,EMPTY,EMPTY_RETURN,get_weather_features returned {},1,0.0,2026-05-12T06:50:16
1996-06-28,28-06-96,EMPTY,EMPTY_RETURN,get_weather_features returned {},1,0.0,2026-05-12T06:50:16
1996-07-01,01-07-96,EMPTY,EMPTY_RETURN,get_weather_features returned {},1,0.0,2026-05-12T06:50:16
1996-07-02,02-07-96,EMPTY,EMPTY_RETURN,get_weather_features returned {},1,0.0,2026-05-12T06:50:16
1996-07-03,03-07-96,EMPTY,EMPTY_RETURN,get_weather_features returned {},1,0.0,2026-05-12T06:50:16
1996-07-04,04-07-96,EMPTY,EMPTY_RETURN,get_weather_features returned {},1,0.0,2026-05-12T06:50:16
1996-07-05,05-07-96,EMPTY,EMPTY_RETURN,get_weather_features returned {},1,0.0,2026-05-12T06:50:16
1996-07-06,06-07-96,EMPTY,EMPTY_RETURN,get_weather_features returned {},1,0.0,2026-05-12T06:50:16
1996-07-07,07-07-96,EMPTY,EMPTY_RETURN,get_weather_features returned {},1,0.0,2026-05-12T06:50:16
1996-07-08,08-07-96,EMPTY,EMPTY_RETURN,get_weather_features returned {},1,0.0,2026-05-12T06:50:16
1996-07-09,09-07-96,EMPTY,EMPTY_RETURN,get_weather_features returned {},1,0.0,2026-05-12T06:50:16
1996-07-10,10-07-96,EMPTY,EMPTY_RETURN,get_weather_features returned {},1,0.0,2026-05-12T06:50:16
1996-07-11,11-07-96,EMPTY,EMPTY_RETURN,get_weather_features returned {},1,0.0,2026-05-12T06:50:16
1996-07-12,12-07-96,EMPTY,EMPTY_RETURN,get_weather_features returned {},1,0.0,2026-05-12T06:50:16
1996-07-13,13-07-96,EMPTY,EMPTY_RETURN,get_weather_features returned {},1,0.0,2026-05-12T06:50:16
1996-07-14,14-07-96,EMPTY,EMPTY_RETURN,get_weather_features returned {},1,0.0,2026-05-12T06:50:16
1996-07-15,15-07-96,EMPTY,EMPTY_RETURN,get_weather_features returned {},1,0.0,2026-05-12T06:50:16
1996-07-16,16-07-96,EMPTY,EMPTY_RETURN,get_weather_features returned {},1,0.0,2026-05-12T06:50:16
1996-07-17,17-07-96,EMPTY,EMPTY_RETURN,get_weather_features returned {},1,0.0,2026-05-12T06:50:16
1996-07-18,18-07-96,EMPTY,EMPTY_RETURN,get_weather_features returned {},1,0.0,2026-05-12T06:50:16
1996-07-19,19-07-96,EMPTY,EMPTY_RETURN,get_weather_features returned {},1,0.0,2026-05-12T06:50:16
1996-07-20,20-07-96,EMPTY,EMPTY_RETURN,get_weather_features returned {},1,0.0,2026-05-12T06:50:17
1996-07-21,21-07-96,EMPTY,EMPTY_RETURN,get_weather_features returned {},1,0.0,2026-05-12T06:50:17
1996-07-22,22-07-96,EMPTY,EMPTY_RETURN,get_weather_features returned {},1,0.0,2026-05-12T06:50:17
1996-07-23,23-07-96,EMPTY,EMPTY_RETURN,get_weather_features returned {},1,0.0,2026-05-12T06:50:17
1996-07-24,24-07-96,EMPTY,EMPTY_RETURN,get_weather_features returned {},1,0.0,2026-05-12T06:50:17
1996-07-25,25-07-96,EMPTY,EMPTY_RETURN,get_weather_features returned {},1,0.0,2026-05-12T06:50:17
1996-07-26,26-07-96,EMPTY,EMPTY_RETURN,get_weather_features returned {},1,0.0,2026-05-12T06:50:17
1996-07-27,27-07-96,EMPTY,EMPTY_RETURN,get_weather_features returned {},1,0.0,2026-05-12T06:50:17
1996-07-28,28-07-96,EMPTY,EMPTY_RETURN,get_weather_features returned {},1,0.0,2026-05-12T06:50:17
1996-07-29,29-07-96,EMPTY,EMPTY_RETURN,get_weather_features returned {},1,0.0,2026-05-12T06:50:17
1996-07-30,30-07-96,EMPTY,EMPTY_RETURN,get_weather_features returned {},1,0.0,2026-05-12T06:50:17
1996-07-31,31-07-96,EMPTY,EMPTY_RETURN,get_weather_features returned {},1,0.0,2026-05-12T06:50:17
1996-08-01,01-08-96,EMPTY,EMPTY_RETURN,get_weather_features returned {},1,0.0,2026-05-12T06:50:17
1996-08-02,02-08-96,EMPTY,EMPTY_RETURN,get_weather_features returned {},1,0.0,2026-05-12T06:50:17
1996-08-03,03-08-96,EMPTY,EMPTY_RETURN,get_weather_features returned {},1,0.0,2026-05-12T06:50:17
1996-08-04,04-08-96,EMPTY,EMPTY_RETURN,get_weather_features returned {},1,0.0,2026-05-12T06:50:17
1996-08-05,05-08-96,EMPTY,EMPTY_RETURN,get_weather_features returned {},1,0.0,2026-05-12T06:50:17
1996-08-06,06-08-96,EMPTY,EMPTY_RETURN,get_weather_features returned {},1,0.0,2026-05-12T06:50:17
1996-08-07,07-08-96,EMPTY,EMPTY_RETURN,get_weather_features returned {},1,0.0,2026-05-12T06:50:17
1996-08-08,08-08-96,EMPTY,EMPTY_RETURN,get_weather_features returned {},1,0.0,2026-05-12T06:50:17
1996-08-09,09-08-96,EMPTY,EMPTY_RETURN,get_weather_features returned {},1,0.0,2026-05-12T06:50:17
1996-08-10,10-08-96,EMPTY,EMPTY_RETURN,get_weather_features returned {},1,0.0,2026-05-12T06:50:17
1996-08-11,11-08-96,EMPTY,EMPTY_RETURN,get_weather_features returned {},1,0.0,2026-05-12T06:50:17
1996-08-12,12-08-96,EMPTY,EMPTY_RETURN,get_weather_features returned {},1,0.0,2026-05-12T06:50:17
1996-08-13,13-08-96,EMPTY,EMPTY_RETURN,get_weather_features returned {},1,0.0,2026-05-12T06:50:17
1996-08-14,14-08-96,EMPTY,EMPTY_RETURN,get_weather_features returned {},1,0.0,2026-05-12T06:50:17
1996-08-16,16-08-96,EMPTY,EMPTY_RETURN,get_weather_features returned {},1,0.0,2026-05-12T06:50:17
1996-08-17,17-08-96,EMPTY,EMPTY_RETURN,get_weather_features returned {},1,0.0,2026-05-12T06:50:17
1996-08-18,18-08-96,EMPTY,EMPTY_RETURN,get_weather_features returned {},1,0.0,2026-05-12T06:50:17
1996-08-19,19-08-96,EMPTY,EMPTY_RETURN,get_weather_features returned {},1,0.0,2026-05-12T06:50:17
1996-08-20,20-08-96,EMPTY,EMPTY_RETURN,get_weather_features returned {},1,0.0,2026-05-12T06:50:17
1996-08-21,21-08-96,EMPTY,EMPTY_RETURN,get_weather_features returned {},1,0.0,2026-05-12T06:50:17
1996-08-22,22-08-96,EMPTY,EMPTY_RETURN,get_weather_features returned {},1,0.0,2026-05-12T06:50:17
1996-08-23,23-08-96,EMPTY,EMPTY_RETURN,get_weather_features returned {},1,0.0,2026-05-12T06:50:17
1996-08-24,24-08-96,EMPTY,EMPTY_RETURN,get_weather_features returned {},1,0.0,2026-05-12T06:50:17
1996-08-25,25-08-96,EMPTY,EMPTY_RETURN,get_weather_features returned {},1,0.0,2026-05-12T06:50:17
1996-08-26,26-08-96,EMPTY,EMPTY_RETURN,get_weather_features returned {},1,0.0,2026-05-12T06:50:17
1996-08-27,27-08-96,EMPTY,EMPTY_RETURN,get_weather_features returned {},1,0.0,2026-05-12T06:50:17
1996-12-16,16-12-96,EMPTY,EMPTY_RETURN,get_weather_features returned {},1,0.0,2026-05-12T06:50:20
1997-01-03,03-01-97,EMPTY,EMPTY_RETURN,get_weather_features returned {},1,0.0,2026-05-12T06:50:21
1997-03-01,01-03-97,EMPTY,EMPTY_RETURN,get_weather_features returned {},1,0.0,2026-05-12T06:50:22
1997-04-09,09-04-97,EMPTY,EMPTY_RETURN,get_weather_features returned {},1,0.0,2026-05-12T06:50:23
1997-07-04,04-07-97,EMPTY,EMPTY_RETURN,get_weather_features returned {},1,0.0,2026-05-12T06:50:25
1997-07-17,17-07-97,EMPTY,EMPTY_RETURN,get_weather_features returned {},1,0.0,2026-05-12T06:50:26
1997-08-24,24-08-97,EMPTY,EMPTY_RETURN,get_weather_features returned {},1,0.0,2026-05-12T06:50:27
1997-12-31,31-12-97,EMPTY,EMPTY_RETURN,get_weather_features returned {},1,0.0,2026-05-12T06:50:30
1998-01-09,09-01-98,EMPTY,EMPTY_RETURN,get_weather_features returned {},1,0.0,2026-05-12T06:50:30
1998-01-28,28-01-98,EMPTY,EMPTY_RETURN,get_weather_features returned {},1,0.0,2026-05-12T06:50:30
1998-02-10,10-02-98,EMPTY,EMPTY_RETURN,get_weather_features returned {},1,0.0,2026-05-12T06:50:31
1998-03-29,29-03-98,EMPTY,EMPTY_RETURN,get_weather_features returned {},1,0.0,2026-05-12T06:50:32
1998-04-21,21-04-98,EMPTY,EMPTY_RETURN,get_weather_features returned {},1,0.0,2026-05-12T06:50:33
1998-06-16,16-06-98,EMPTY,EMPTY_RETURN,get_weather_features returned {},1,0.0,2026-05-12T06:50:34
1998-07-08,08-07-98,EMPTY,EMPTY_RETURN,get_weather_features returned {},1,0.0,2026-05-12T06:50:34
1998-07-30,30-07-98,EMPTY,EMPTY_RETURN,get_weather_features returned {},1,0.0,2026-05-12T06:50:35
1998-08-15,15-08-98,EMPTY,EMPTY_RETURN,get_weather_features returned {},1,0.0,2026-05-12T06:50:36
1998-08-31,31-08-98,EMPTY,EMPTY_RETURN,get_weather_features returned {},1,0.0,2026-05-12T06:50:36
1998-09-07,07-09-98,EMPTY,EMPTY_RETURN,get_weather_features returned {},1,0.0,2026-05-12T06:50:36
1998-09-30,30-09-98,EMPTY,EMPTY_RETURN,get_weather_features returned {},1,0.0,2026-05-12T06:50:37
1998-11-21,21-11-98,EMPTY,EMPTY_RETURN,get_weather_features returned {},1,0.0,2026-05-12T06:50:38
1999-01-09,09-01-99,EMPTY,EMPTY_RETURN,get_weather_features returned {},1,0.0,2026-05-12T06:50:39
1999-01-21,21-01-99,EMPTY,EMPTY_RETURN,get_weather_features returned {},1,0.0,2026-05-12T06:50:40
1999-02-19,19-02-99,EMPTY,EMPTY_RETURN,get_weather_features returned {},1,0.0,2026-05-12T06:50:40
1999-06-09,09-06-99,EMPTY,EMPTY_RETURN,get_weather_features returned {},1,0.0,2026-05-12T06:50:43
1999-06-24,24-06-99,EMPTY,EMPTY_RETURN,get_weather_features returned {},1,0.0,2026-05-12T06:50:43
1999-06-30,30-06-99,EMPTY,EMPTY_RETURN,get_weather_features returned {},1,0.0,2026-05-12T06:50:44
1999-07-07,07-07-99,EMPTY,EMPTY_RETURN,get_weather_features returned {},1,0.0,2026-05-12T06:50:44
1999-08-03,03-08-99,EMPTY,EMPTY_RETURN,get_weather_features returned {},1,0.0,2026-05-12T06:50:44
1999-10-05,05-10-99,EMPTY,EMPTY_RETURN,get_weather_features returned {},1,0.0,2026-05-12T06:50:46
1999-11-15,15-11-99,EMPTY,EMPTY_RETURN,get_weather_features returned {},1,0.0,2026-05-12T06:50:47
1999-12-14,14-12-99,EMPTY,EMPTY_RETURN,get_weather_features returned {},1,0.0,2026-05-12T06:50:48
2000-01-14,14-01-00,EMPTY,EMPTY_RETURN,get_weather_features returned {},1,0.0,2026-05-12T06:50:49
2000-01-25,25-01-00,EMPTY,EMPTY_RETURN,get_weather_features returned {},1,0.0,2026-05-12T06:50:49
2000-02-14,14-02-00,EMPTY,EMPTY_RETURN,get_weather_features returned {},1,0.0,2026-05-12T06:50:50
2000-02-26,26-02-00,EMPTY,EMPTY_RETURN,get_weather_features returned {},1,0.0,2026-05-12T06:50:50
2000-03-25,25-03-00,EMPTY,EMPTY_RETURN,get_weather_features returned {},1,0.0,2026-05-12T06:50:51
2000-04-07,07-04-00,EMPTY,EMPTY_RETURN,get_weather_features returned {},1,0.0,2026-05-12T06:50:51
2000-04-15,15-04-00,EMPTY,EMPTY_RETURN,get_weather_features returned {},1,0.0,2026-05-12T06:50:51
2000-04-16,16-04-00,EMPTY,EMPTY_RETURN,get_weather_features returned {},1,0.0,2026-05-12T06:50:51
2000-04-17,17-04-00,EMPTY,EMPTY_RETURN,get_weather_features returned {},1,0.0,2026-05-12T06:50:51
2000-06-04,04-06-00,EMPTY,EMPTY_RETURN,get_weather_features returned {},1,0.0,2026-05-12T06:50:52
2000-07-03,03-07-00,EMPTY,EMPTY_RETURN,get_weather_features returned {},1,0.0,2026-05-12T06:50:53
2000-08-04,04-08-00,EMPTY,EMPTY_RETURN,get_weather_features returned {},1,0.0,2026-05-12T06:50:54
2000-08-09,09-08-00,EMPTY,EMPTY_RETURN,get_weather_features returned {},1,0.0,2026-05-12T06:50:54
2000-08-17,17-08-00,EMPTY,EMPTY_RETURN,get_weather_features returned {},1,0.0,2026-05-12T06:50:54
2000-08-24,24-08-00,EMPTY,EMPTY_RETURN,get_weather_features returned {},1,0.0,2026-05-12T06:50:54
2000-08-27,27-08-00,EMPTY,EMPTY_RETURN,get_weather_features returned {},1,0.0,2026-05-12T06:50:54
2000-09-01,01-09-00,EMPTY,EMPTY_RETURN,get_weather_features returned {},1,0.0,2026-05-12T06:50:55
2000-10-01,01-10-00,EMPTY,EMPTY_RETURN,get_weather_features returned {},1,0.0,2026-05-12T06:50:55
2000-10-14,14-10-00,EMPTY,EMPTY_RETURN,get_weather_features returned {},1,0.0,2026-05-12T06:50:56
2000-11-07,07-11-00,EMPTY,EMPTY_RETURN,get_weather_features returned {},1,0.0,2026-05-12T06:50:56
2000-12-07,07-12-00,EMPTY,EMPTY_RETURN,get_weather_features returned {},1,0.0,2026-05-12T06:50:57
2000-12-23,23-12-00,EMPTY,EMPTY_RETURN,get_weather_features returned {},1,0.0,2026-05-12T06:50:57
2001-01-15,15-01-01,EMPTY,EMPTY_RETURN,get_weather_features returned {},1,0.0,2026-05-12T06:50:58
2001-03-29,29-03-01,EMPTY,EMPTY_RETURN,get_weather_features returned {},1,0.0,2026-05-12T06:51:00
2001-03-30,30-03-01,EMPTY,EMPTY_RETURN,get_weather_features returned {},1,0.0,2026-05-12T06:51:00
2001-03-31,31-03-01,EMPTY,EMPTY_RETURN,get_weather_features returned {},1,0.0,2026-05-12T06:51:00
2001-04-01,01-04-01,EMPTY,EMPTY_RETURN,get_weather_features returned {},1,0.0,2026-05-12T06:51:00
2001-05-27,27-05-01,EMPTY,EMPTY_RETURN,get_weather_features returned {},1,0.0,2026-05-12T06:51:01
2001-05-28,28-05-01,EMPTY,EMPTY_RETURN,get_weather_features returned {},1,0.0,2026-05-12T06:51:01
2001-05-29,29-05-01,EMPTY,EMPTY_RETURN,get_weather_features returned {},1,0.0,2026-05-12T06:51:01
2001-06-01,01-06-01,EMPTY,EMPTY_RETURN,get_weather_features returned {},1,0.0,2026-05-12T06:51:01
2001-06-15,15-06-01,EMPTY,EMPTY_RETURN,get_weather_features returned {},1,0.0,2026-05-12T06:51:02
2001-06-21,21-06-01,EMPTY,EMPTY_RETURN,get_weather_features returned {},1,0.0,2026-05-12T06:51:02
2001-10-08,08-10-01,EMPTY,EMPTY_RETURN,get_weather_features returned {},1,0.0,2026-05-12T06:51:05
2001-10-12,12-10-01,EMPTY,EMPTY_RETURN,get_weather_features returned {},1,0.0,2026-05-12T06:51:05
2001-10-20,20-10-01,EMPTY,EMPTY_RETURN,get_weather_features returned {},1,0.0,2026-05-12T06:51:05
2001-12-29,29-12-01,EMPTY,EMPTY_RETURN,get_weather_features returned {},1,0.0,2026-05-12T06:51:07
2002-01-19,19-01-02,EMPTY,EMPTY_RETURN,get_weather_features returned {},1,0.0,2026-05-12T06:51:08
2002-02-27,27-02-02,EMPTY,EMPTY_RETURN,get_weather_features returned {},1,0.0,2026-05-12T06:51:09
2002-04-22,22-04-02,EMPTY,EMPTY_RETURN,get_weather_features returned {},1,0.0,2026-05-12T06:51:10
2002-05-02,02-05-02,EMPTY,EMPTY_RETURN,get_weather_features returned {},1,0.0,2026-05-12T06:51:10
2002-05-13,13-05-02,EMPTY,EMPTY_RETURN,get_weather_features returned {},1,0.0,2026-05-12T06:51:10
2002-06-13,13-06-02,EMPTY,EMPTY_RETURN,get_weather_features returned {},1,0.0,2026-05-12T06:51:11
2002-06-19,19-06-02,EMPTY,EMPTY_RETURN,get_weather_features returned {},1,0.0,2026-05-12T06:51:11
2002-06-26,26-06-02,EMPTY,EMPTY_RETURN,get_weather_features returned {},1,0.0,2026-05-12T06:51:12
2002-06-30,30-06-02,EMPTY,EMPTY_RETURN,get_weather_features returned {},1,0.0,2026-05-12T06:51:12
2002-07-10,10-07-02,EMPTY,EMPTY_RETURN,get_weather_features returned {},1,0.0,2026-05-12T06:51:12
2002-07-14,14-07-02,EMPTY,EMPTY_RETURN,get_weather_features returned {},1,0.0,2026-05-12T06:51:12
2002-07-15,15-07-02,EMPTY,EMPTY_RETURN,get_weather_features returned {},1,0.0,2026-05-12T06:51:12
2002-07-16,16-07-02,EMPTY,EMPTY_RETURN,get_weather_features returned {},1,0.0,2026-05-12T06:51:12
2002-07-18,18-07-02,EMPTY,EMPTY_RETURN,get_weather_features returned {},1,0.0,2026-05-12T06:51:12
2002-07-26,26-07-02,EMPTY,EMPTY_RETURN,get_weather_features returned {},1,0.0,2026-05-12T06:51:12
2002-10-20,20-10-02,EMPTY,EMPTY_RETURN,get_weather_features returned {},1,0.0,2026-05-12T06:51:15
2002-10-25,25-10-02,EMPTY,EMPTY_RETURN,get_weather_features returned {},1,0.0,2026-05-12T06:51:15
2002-11-17,17-11-02,EMPTY,EMPTY_RETURN,get_weather_features returned {},1,0.0,2026-05-12T06:51:15
2002-11-18,18-11-02,EMPTY,EMPTY_RETURN,get_weather_features returned {},1,0.0,2026-05-12T06:51:15
2002-11-19,19-11-02,EMPTY,EMPTY_RETURN,get_weather_features returned {},1,0.0,2026-05-12T06:51:15
2002-11-24,24-11-02,EMPTY,EMPTY_RETURN,get_weather_features returned {},1,0.0,2026-05-12T06:51:16
2003-01-12,12-01-03,EMPTY,EMPTY_RETURN,get_weather_features returned {},1,0.0,2026-05-12T06:51:17
2003-02-16,16-02-03,EMPTY,EMPTY_RETURN,get_weather_features returned {},1,0.0,2026-05-12T06:51:18
2003-02-20,20-02-03,EMPTY,EMPTY_RETURN,get_weather_features returned {},1,0.0,2026-05-12T06:51:18
2003-02-21,21-02-03,EMPTY,EMPTY_RETURN,get_weather_features returned {},1,0.0,2026-05-12T06:51:18
2003-03-02,02-03-03,EMPTY,EMPTY_RETURN,get_weather_features returned {},1,0.0,2026-05-12T06:51:18
2003-03-03,03-03-03,EMPTY,EMPTY_RETURN,get_weather_features returned {},1,0.0,2026-05-12T06:51:18
2003-03-04,04-03-03,EMPTY,EMPTY_RETURN,get_weather_features returned {},1,0.0,2026-05-12T06:51:18
2003-03-18,18-03-03,EMPTY,EMPTY_RETURN,get_weather_features returned {},1,0.0,2026-05-12T06:51:19
2003-03-27,27-03-03,EMPTY,EMPTY_RETURN,get_weather_features returned {},1,0.0,2026-05-12T06:51:19
2003-04-11,11-04-03,EMPTY,EMPTY_RETURN,get_weather_features returned {},1,0.0,2026-05-12T06:51:19
2003-05-27,27-05-03,EMPTY,EMPTY_RETURN,get_weather_features returned {},1,0.0,2026-05-12T06:51:20
2003-06-12,12-06-03,EMPTY,EMPTY_RETURN,get_weather_features returned {},1,0.0,2026-05-12T06:51:21
2003-07-06,06-07-03,EMPTY,EMPTY_RETURN,get_weather_features returned {},1,0.0,2026-05-12T06:51:21
2003-08-01,01-08-03,EMPTY,EMPTY_RETURN,get_weather_features returned {},1,0.0,2026-05-12T06:51:22
2003-08-14,14-08-03,EMPTY,EMPTY_RETURN,get_weather_features returned {},1,0.0,2026-05-12T06:51:22
2004-01-14,14-01-04,EMPTY,EMPTY_RETURN,get_weather_features returned {},1,0.0,2026-05-12T06:51:26
2004-01-27,27-01-04,EMPTY,EMPTY_RETURN,get_weather_features returned {},1,0.0,2026-05-12T06:51:27
2004-03-05,05-03-04,EMPTY,EMPTY_RETURN,get_weather_features returned {},1,0.0,2026-05-12T06:51:28
2004-06-04,04-06-04,EMPTY,EMPTY_RETURN,get_weather_features returned {},1,0.0,2026-05-12T06:51:30
2004-10-03,03-10-04,EMPTY,EMPTY_RETURN,get_weather_features returned {},1,0.0,2026-05-12T06:51:33
2004-11-27,27-11-04,EMPTY,EMPTY_RETURN,get_weather_features returned {},1,0.0,2026-05-12T06:51:35
2004-12-07,07-12-04,EMPTY,EMPTY_RETURN,get_weather_features returned {},1,0.0,2026-05-12T06:51:35
2004-12-22,22-12-04,EMPTY,EMPTY_RETURN,get_weather_features returned {},1,0.0,2026-05-12T06:51:36
2005-01-12,12-01-05,EMPTY,EMPTY_RETURN,get_weather_features returned {},1,0.0,2026-05-12T06:51:36
2005-02-20,20-02-05,EMPTY,EMPTY_RETURN,get_weather_features returned {},1,0.0,2026-05-12T06:51:37
2005-05-27,27-05-05,EMPTY,EMPTY_RETURN,get_weather_features returned {},1,0.0,2026-05-12T06:51:40
2005-07-14,14-07-05,EMPTY,EMPTY_RETURN,get_weather_features returned {},1,0.0,2026-05-12T06:51:41
2005-07-31,31-07-05,EMPTY,EMPTY_RETURN,get_weather_features returned {},1,0.0,2026-05-12T06:51:41
2005-09-07,07-09-05,EMPTY,EMPTY_RETURN,get_weather_features returned {},1,0.0,2026-05-12T06:51:42
2005-10-04,04-10-05,EMPTY,EMPTY_RETURN,get_weather_features returned {},1,0.0,2026-05-12T06:51:43
2005-12-10,10-12-05,EMPTY,EMPTY_RETURN,get_weather_features returned {},1,0.0,2026-05-12T06:51:45
2006-01-13,13-01-06,EMPTY,EMPTY_RETURN,get_weather_features returned {},1,0.0,2026-05-12T06:51:46
2006-01-28,28-01-06,EMPTY,EMPTY_RETURN,get_weather_features returned {},1,0.0,2026-05-12T06:51:46
2006-04-07,07-04-06,EMPTY,EMPTY_RETURN,get_weather_features returned {},1,0.0,2026-05-12T06:51:48
2006-05-26,26-05-06,EMPTY,EMPTY_RETURN,get_weather_features returned {},1,0.0,2026-05-12T06:51:49
2006-07-15,15-07-06,EMPTY,EMPTY_RETURN,get_weather_features returned {},1,0.0,2026-05-12T06:51:51
2006-11-01,01-11-06,EMPTY,EMPTY_RETURN,get_weather_features returned {},1,0.0,2026-05-12T06:51:54
2006-11-07,07-11-06,EMPTY,EMPTY_RETURN,get_weather_features returned {},1,0.0,2026-05-12T06:51:54
2007-03-05,05-03-07,EMPTY,EMPTY_RETURN,get_weather_features returned {},1,0.0,2026-05-12T06:51:57
2007-06-01,01-06-07,EMPTY,EMPTY_RETURN,get_weather_features returned {},1,0.0,2026-05-12T06:51:59
2007-06-08,08-06-07,EMPTY,EMPTY_RETURN,get_weather_features returned {},1,0.0,2026-05-12T06:52:00
2007-06-12,12-06-07,EMPTY,EMPTY_RETURN,get_weather_features returned {},1,0.0,2026-05-12T06:52:00
2007-06-27,27-06-07,EMPTY,EMPTY_RETURN,get_weather_features returned {},1,0.0,2026-05-12T06:52:00
2007-10-29,29-10-07,EMPTY,EMPTY_RETURN,get_weather_features returned {},1,0.0,2026-05-12T06:52:03
2007-11-08,08-11-07,EMPTY,EMPTY_RETURN,get_weather_features returned {},1,0.0,2026-05-12T06:52:04
2007-11-21,21-11-07,EMPTY,EMPTY_RETURN,get_weather_features returned {},1,0.0,2026-05-12T06:52:04
2007-12-30,30-12-07,EMPTY,EMPTY_RETURN,get_weather_features returned {},1,0.0,2026-05-12T06:52:05
2007-12-31,31-12-07,EMPTY,EMPTY_RETURN,get_weather_features returned {},1,0.0,2026-05-12T06:52:05
2008-01-01,01-01-08,EMPTY,EMPTY_RETURN,get_weather_features returned {},1,0.0,2026-05-12T06:52:05
2008-02-09,09-02-08,EMPTY,EMPTY_RETURN,get_weather_features returned {},1,0.0,2026-05-12T06:52:06
2008-04-11,11-04-08,EMPTY,EMPTY_RETURN,get_weather_features returned {},1,0.0,2026-05-12T06:52:08
2008-04-25,25-04-08,EMPTY,EMPTY_RETURN,get_weather_features returned {},1,0.0,2026-05-12T06:52:08
2008-05-15,15-05-08,EMPTY,EMPTY_RETURN,get_weather_features returned {},1,0.0,2026-05-12T06:52:09
2008-06-13,13-06-08,EMPTY,EMPTY_RETURN,get_weather_features returned {},1,0.0,2026-05-12T06:52:09
2008-07-15,15-07-08,EMPTY,EMPTY_RETURN,get_weather_features returned {},1,0.0,2026-05-12T06:52:11
2008-10-05,05-10-08,EMPTY,EMPTY_RETURN,get_weather_features returned {},1,0.0,2026-05-12T06:52:13
2009-02-10,10-02-09,EMPTY,EMPTY_RETURN,get_weather_features returned {},1,0.0,2026-05-12T06:52:16
2009-04-21,21-04-09,EMPTY,EMPTY_RETURN,get_weather_features returned {},1,0.0,2026-05-12T06:52:18
2009-05-23,23-05-09,EMPTY,EMPTY_RETURN,get_weather_features returned {},1,0.0,2026-05-12T06:52:19
2009-12-19,19-12-09,EMPTY,EMPTY_RETURN,get_weather_features returned {},1,0.0,2026-05-12T06:52:25
2010-02-18,18-02-10,EMPTY,EMPTY_RETURN,get_weather_features returned {},1,0.0,2026-05-12T06:52:27
2010-03-22,22-03-10,EMPTY,EMPTY_RETURN,get_weather_features returned {},1,0.0,2026-05-12T06:52:27
2010-05-27,27-05-10,EMPTY,EMPTY_RETURN,get_weather_features returned {},1,0.0,2026-05-12T06:52:29
2010-06-10,10-06-10,EMPTY,EMPTY_RETURN,get_weather_features returned {},1,0.0,2026-05-12T06:52:30
2010-06-25,25-06-10,EMPTY,EMPTY_RETURN,get_weather_features returned {},1,0.0,2026-05-12T06:52:30
2010-07-05,05-07-10,EMPTY,EMPTY_RETURN,get_weather_features returned {},1,0.0,2026-05-12T06:52:30
2010-08-12,12-08-10,EMPTY,EMPTY_RETURN,get_weather_features returned {},1,0.0,2026-05-12T06:52:31
2010-10-11,11-10-10,EMPTY,EMPTY_RETURN,get_weather_features returned {},1,0.0,2026-05-12T06:52:33
2010-12-12,12-12-10,EMPTY,EMPTY_RETURN,get_weather_features returned {},1,0.0,2026-05-12T06:52:34
2010-12-26,26-12-10,EMPTY,EMPTY_RETURN,get_weather_features returned {},1,0.0,2026-05-12T06:52:35
2011-04-13,13-04-11,EMPTY,EMPTY_RETURN,get_weather_features returned {},1,0.0,2026-05-12T06:52:38
2011-05-03,03-05-11,EMPTY,EMPTY_RETURN,get_weather_features returned {},1,0.0,2026-05-12T06:52:39
2011-08-18,18-08-11,EMPTY,EMPTY_RETURN,get_weather_features returned {},1,0.0,2026-05-12T06:52:42
2011-08-19,19-08-11,EMPTY,EMPTY_RETURN,get_weather_features returned {},1,0.0,2026-05-12T06:52:42
2011-08-20,20-08-11,EMPTY,EMPTY_RETURN,get_weather_features returned {},1,0.0,2026-05-12T06:52:42
2011-09-14,14-09-11,EMPTY,EMPTY_RETURN,get_weather_features returned {},1,0.0,2026-05-12T06:52:42
2011-09-15,15-09-11,EMPTY,EMPTY_RETURN,get_weather_features returned {},1,0.0,2026-05-12T06:52:42
2011-09-16,16-09-11,EMPTY,EMPTY_RETURN,get_weather_features returned {},1,0.0,2026-05-12T06:52:42
2011-09-19,19-09-11,EMPTY,EMPTY_RETURN,get_weather_features returned {},1,0.0,2026-05-12T06:52:43
2011-09-20,20-09-11,EMPTY,EMPTY_RETURN,get_weather_features returned {},1,0.0,2026-05-12T06:52:43
2011-09-21,21-09-11,EMPTY,EMPTY_RETURN,get_weather_features returned {},1,0.0,2026-05-12T06:52:43
2011-11-27,27-11-11,EMPTY,EMPTY_RETURN,get_weather_features returned {},1,0.0,2026-05-12T06:52:44
2012-02-16,16-02-12,EMPTY,EMPTY_RETURN,get_weather_features returned {},1,0.0,2026-05-12T06:52:47
2012-02-17,17-02-12,EMPTY,EMPTY_RETURN,get_weather_features returned {},1,0.0,2026-05-12T06:52:47
2012-02-18,18-02-12,EMPTY,EMPTY_RETURN,get_weather_features returned {},1,0.0,2026-05-12T06:52:47
2012-03-21,21-03-12,EMPTY,EMPTY_RETURN,get_weather_features returned {},1,0.0,2026-05-12T06:52:47
2012-06-09,09-06-12,EMPTY,EMPTY_RETURN,get_weather_features returned {},1,0.0,2026-05-12T06:52:50
2012-07-19,19-07-12,EMPTY,EMPTY_RETURN,get_weather_features returned {},1,0.0,2026-05-12T06:52:51
2012-07-23,23-07-12,EMPTY,EMPTY_RETURN,get_weather_features returned {},1,0.0,2026-05-12T06:52:51
2012-08-31,31-08-12,EMPTY,EMPTY_RETURN,get_weather_features returned {},1,0.0,2026-05-12T06:52:52
2012-09-01,01-09-12,EMPTY,EMPTY_RETURN,get_weather_features returned {},1,0.0,2026-05-12T06:52:52
2012-09-02,02-09-12,EMPTY,EMPTY_RETURN,get_weather_features returned {},1,0.0,2026-05-12T06:52:52
2012-10-03,03-10-12,EMPTY,EMPTY_RETURN,get_weather_features returned {},1,0.0,2026-05-12T06:52:53
2012-10-19,19-10-12,EMPTY,EMPTY_RETURN,get_weather_features returned {},1,0.0,2026-05-12T06:52:54
2012-10-30,30-10-12,EMPTY,EMPTY_RETURN,get_weather_features returned {},1,0.0,2026-05-12T06:52:54
2012-10-31,31-10-12,EMPTY,EMPTY_RETURN,get_weather_features returned {},1,0.0,2026-05-12T06:52:54
2012-11-01,01-11-12,EMPTY,EMPTY_RETURN,get_weather_features returned {},1,0.0,2026-05-12T06:52:54
2013-01-12,12-01-13,EMPTY,EMPTY_RETURN,get_weather_features returned {},1,0.0,2026-05-12T06:52:56
2013-02-08,08-02-13,EMPTY,EMPTY_RETURN,get_weather_features returned {},1,0.0,2026-05-12T06:52:57
2013-02-23,23-02-13,EMPTY,EMPTY_RETURN,get_weather_features returned {},1,0.0,2026-05-12T06:52:57
2013-02-24,24-02-13,EMPTY,EMPTY_RETURN,get_weather_features returned {},1,0.0,2026-05-12T06:52:57
2013-02-25,25-02-13,EMPTY,EMPTY_RETURN,get_weather_features returned {},1,0.0,2026-05-12T06:52:57
2013-04-10,10-04-13,EMPTY,EMPTY_RETURN,get_weather_features returned {},1,0.0,2026-05-12T06:52:58
2013-04-19,19-04-13,EMPTY,EMPTY_RETURN,get_weather_features returned {},1,0.0,2026-05-12T06:52:59
2013-05-10,10-05-13,EMPTY,EMPTY_RETURN,get_weather_features returned {},1,0.0,2026-05-12T06:52:59
2013-11-04,04-11-13,EMPTY,EMPTY_RETURN,get_weather_features returned {},1,0.0,2026-05-12T06:53:04
2013-11-05,05-11-13,EMPTY,EMPTY_RETURN,get_weather_features returned {},1,0.0,2026-05-12T06:53:04
2013-11-06,06-11-13,EMPTY,EMPTY_RETURN,get_weather_features returned {},1,0.0,2026-05-12T06:53:04
2013-11-10,10-11-13,EMPTY,EMPTY_RETURN,get_weather_features returned {},1,0.0,2026-05-12T06:53:04
2013-11-11,11-11-13,EMPTY,EMPTY_RETURN,get_weather_features returned {},1,0.0,2026-05-12T06:53:04
2013-11-16,16-11-13,EMPTY,EMPTY_RETURN,get_weather_features returned {},1,0.0,2026-05-12T06:53:05
2013-11-17,17-11-13,EMPTY,EMPTY_RETURN,get_weather_features returned {},1,0.0,2026-05-12T06:53:05
2013-11-21,21-11-13,EMPTY,EMPTY_RETURN,get_weather_features returned {},1,0.0,2026-05-12T06:53:05
2013-11-22,22-11-13,EMPTY,EMPTY_RETURN,get_weather_features returned {},1,0.0,2026-05-12T06:53:05
2013-11-25,25-11-13,EMPTY,EMPTY_RETURN,get_weather_features returned {},1,0.0,2026-05-12T06:53:05
2013-11-26,26-11-13,EMPTY,EMPTY_RETURN,get_weather_features returned {},1,0.0,2026-05-12T06:53:05
2013-11-27,27-11-13,EMPTY,EMPTY_RETURN,get_weather_features returned {},1,0.0,2026-05-12T06:53:05
2013-11-28,28-11-13,EMPTY,EMPTY_RETURN,get_weather_features returned {},1,0.0,2026-05-12T06:53:05
2013-11-30,30-11-13,EMPTY,EMPTY_RETURN,get_weather_features returned {},1,0.0,2026-05-12T06:53:05
2013-12-01,01-12-13,EMPTY,EMPTY_RETURN,get_weather_features returned {},1,0.0,2026-05-12T06:53:05
2013-12-02,02-12-13,EMPTY,EMPTY_RETURN,get_weather_features returned {},1,0.0,2026-05-12T06:53:05
2013-12-04,04-12-13,EMPTY,EMPTY_RETURN,get_weather_features returned {},1,0.0,2026-05-12T06:53:05
2013-12-05,05-12-13,EMPTY,EMPTY_RETURN,get_weather_features returned {},1,0.0,2026-05-12T06:53:05
2013-12-06,06-12-13,EMPTY,EMPTY_RETURN,get_weather_features returned {},1,0.0,2026-05-12T06:53:05
2013-12-08,08-12-13,EMPTY,EMPTY_RETURN,get_weather_features returned {},1,0.0,2026-05-12T06:53:05
2013-12-09,09-12-13,EMPTY,EMPTY_RETURN,get_weather_features returned {},1,0.0,2026-05-12T06:53:05
2013-12-10,10-12-13,EMPTY,EMPTY_RETURN,get_weather_features returned {},1,0.0,2026-05-12T06:53:05
2013-12-13,13-12-13,EMPTY,EMPTY_RETURN,get_weather_features returned {},1,0.0,2026-05-12T06:53:05
2013-12-14,14-12-13,EMPTY,EMPTY_RETURN,get_weather_features returned {},1,0.0,2026-05-12T06:53:05
2013-12-15,15-12-13,EMPTY,EMPTY_RETURN,get_weather_features returned {},1,0.0,2026-05-12T06:53:05
2013-12-17,17-12-13,EMPTY,EMPTY_RETURN,get_weather_features returned {},1,0.0,2026-05-12T06:53:05
2013-12-19,19-12-13,EMPTY,EMPTY_RETURN,get_weather_features returned {},1,0.0,2026-05-12T06:53:05
2013-12-20,20-12-13,EMPTY,EMPTY_RETURN,get_weather_features returned {},1,0.0,2026-05-12T06:53:05
2013-12-21,21-12-13,EMPTY,EMPTY_RETURN,get_weather_features returned {},1,0.0,2026-05-12T06:53:06
2013-12-22,22-12-13,EMPTY,EMPTY_RETURN,get_weather_features returned {},1,0.0,2026-05-12T06:53:06
2013-12-23,23-12-13,EMPTY,EMPTY_RETURN,get_weather_features returned {},1,0.0,2026-05-12T06:53:06
2013-12-25,25-12-13,EMPTY,EMPTY_RETURN,get_weather_features returned {},1,0.0,2026-05-12T06:53:06
2013-12-28,28-12-13,EMPTY,EMPTY_RETURN,get_weather_features returned {},1,0.0,2026-05-12T06:53:06
2014-01-01,01-01-14,EMPTY,EMPTY_RETURN,get_weather_features returned {},1,0.0,2026-05-12T06:53:06
2014-01-02,02-01-14,EMPTY,EMPTY_RETURN,get_weather_features returned {},1,0.0,2026-05-12T06:53:06
2014-01-05,05-01-14,EMPTY,EMPTY_RETURN,get_weather_features returned {},1,0.0,2026-05-12T06:53:06
2014-01-08,08-01-14,EMPTY,EMPTY_RETURN,get_weather_features returned {},1,0.0,2026-05-12T06:53:06
2014-01-10,10-01-14,EMPTY,EMPTY_RETURN,get_weather_features returned {},1,0.0,2026-05-12T06:53:06
2014-01-11,11-01-14,EMPTY,EMPTY_RETURN,get_weather_features returned {},1,0.0,2026-05-12T06:53:06
2014-01-13,13-01-14,EMPTY,EMPTY_RETURN,get_weather_features returned {},1,0.0,2026-05-12T06:53:06
2014-01-15,15-01-14,EMPTY,EMPTY_RETURN,get_weather_features returned {},1,0.0,2026-05-12T06:53:06
2014-01-16,16-01-14,EMPTY,EMPTY_RETURN,get_weather_features returned {},1,0.0,2026-05-12T06:53:06
2014-01-17,17-01-14,EMPTY,EMPTY_RETURN,get_weather_features returned {},1,0.0,2026-05-12T06:53:06
2014-01-20,20-01-14,EMPTY,EMPTY_RETURN,get_weather_features returned {},1,0.0,2026-05-12T06:53:06
2014-01-21,21-01-14,EMPTY,EMPTY_RETURN,get_weather_features returned {},1,0.0,2026-05-12T06:53:06
2014-01-26,26-01-14,EMPTY,EMPTY_RETURN,get_weather_features returned {},1,0.0,2026-05-12T06:53:07
2014-01-27,27-01-14,EMPTY,EMPTY_RETURN,get_weather_features returned {},1,0.0,2026-05-12T06:53:07
2014-01-28,28-01-14,EMPTY,EMPTY_RETURN,get_weather_features returned {},1,0.0,2026-05-12T06:53:07
2014-01-31,31-01-14,EMPTY,EMPTY_RETURN,get_weather_features returned {},1,0.0,2026-05-12T06:53:07
2014-02-01,01-02-14,EMPTY,EMPTY_RETURN,get_weather_features returned {},1,0.0,2026-05-12T06:53:07
2014-02-02,02-02-14,EMPTY,EMPTY_RETURN,get_weather_features returned {},1,0.0,2026-05-12T06:53:07
2014-02-03,03-02-14,EMPTY,EMPTY_RETURN,get_weather_features returned {},1,0.0,2026-05-12T06:53:07
2014-02-04,04-02-14,EMPTY,EMPTY_RETURN,get_weather_features returned {},1,0.0,2026-05-12T06:53:07
2014-02-05,05-02-14,EMPTY,EMPTY_RETURN,get_weather_features returned {},1,0.0,2026-05-12T06:53:07
2014-02-06,06-02-14,EMPTY,EMPTY_RETURN,get_weather_features returned {},1,0.0,2026-05-12T06:53:07
2014-02-09,09-02-14,EMPTY,EMPTY_RETURN,get_weather_features returned {},1,0.0,2026-05-12T06:53:07
2014-02-12,12-02-14,EMPTY,EMPTY_RETURN,get_weather_features returned {},1,0.0,2026-05-12T06:53:07
2014-02-13,13-02-14,EMPTY,EMPTY_RETURN,get_weather_features returned {},1,0.0,2026-05-12T06:53:07
2014-02-15,15-02-14,EMPTY,EMPTY_RETURN,get_weather_features returned {},1,0.0,2026-05-12T06:53:07
2014-02-16,16-02-14,EMPTY,EMPTY_RETURN,get_weather_features returned {},1,0.0,2026-05-12T06:53:07
2014-02-17,17-02-14,EMPTY,EMPTY_RETURN,get_weather_features returned {},1,0.0,2026-05-12T06:53:07
2014-02-19,19-02-14,EMPTY,EMPTY_RETURN,get_weather_features returned {},1,0.0,2026-05-12T06:53:07
2014-02-20,20-02-14,EMPTY,EMPTY_RETURN,get_weather_features returned {},1,0.0,2026-05-12T06:53:07
2014-02-23,23-02-14,EMPTY,EMPTY_RETURN,get_weather_features returned {},1,0.0,2026-05-12T06:53:07
2014-02-25,25-02-14,EMPTY,EMPTY_RETURN,get_weather_features returned {},1,0.0,2026-05-12T06:53:07
2014-03-01,01-03-14,EMPTY,EMPTY_RETURN,get_weather_features returned {},1,0.0,2026-05-12T06:53:07
2014-03-02,02-03-14,EMPTY,EMPTY_RETURN,get_weather_features returned {},1,0.0,2026-05-12T06:53:08
2014-03-04,04-03-14,EMPTY,EMPTY_RETURN,get_weather_features returned {},1,0.0,2026-05-12T06:53:08
2014-03-06,06-03-14,EMPTY,EMPTY_RETURN,get_weather_features returned {},1,0.0,2026-05-12T06:53:08
2014-03-07,07-03-14,EMPTY,EMPTY_RETURN,get_weather_features returned {},1,0.0,2026-05-12T06:53:08
2014-03-08,08-03-14,EMPTY,EMPTY_RETURN,get_weather_features returned {},1,0.0,2026-05-12T06:53:08
2014-05-09,09-05-14,EMPTY,EMPTY_RETURN,get_weather_features returned {},1,0.0,2026-05-12T06:53:10
2014-11-03,03-11-14,EMPTY,EMPTY_RETURN,get_weather_features returned {},1,0.0,2026-05-12T06:53:15
2014-11-04,04-11-14,EMPTY,EMPTY_RETURN,get_weather_features returned {},1,0.0,2026-05-12T06:53:15
2014-11-05,05-11-14,EMPTY,EMPTY_RETURN,get_weather_features returned {},1,0.0,2026-05-12T06:53:15
2014-11-06,06-11-14,EMPTY,EMPTY_RETURN,get_weather_features returned {},1,0.0,2026-05-12T06:53:15
2014-11-08,08-11-14,EMPTY,EMPTY_RETURN,get_weather_features returned {},1,0.0,2026-05-12T06:53:15
2014-11-11,11-11-14,EMPTY,EMPTY_RETURN,get_weather_features returned {},1,0.0,2026-05-12T06:53:15
2014-11-13,13-11-14,EMPTY,EMPTY_RETURN,get_weather_features returned {},1,0.0,2026-05-12T06:53:15
2014-11-15,15-11-14,EMPTY,EMPTY_RETURN,get_weather_features returned {},1,0.0,2026-05-12T06:53:15
2014-11-16,16-11-14,EMPTY,EMPTY_RETURN,get_weather_features returned {},1,0.0,2026-05-12T06:53:15
2014-11-17,17-11-14,EMPTY,EMPTY_RETURN,get_weather_features returned {},1,0.0,2026-05-12T06:53:15
2014-11-19,19-11-14,EMPTY,EMPTY_RETURN,get_weather_features returned {},1,0.0,2026-05-12T06:53:15
2014-11-22,22-11-14,EMPTY,EMPTY_RETURN,get_weather_features returned {},1,0.0,2026-05-12T06:53:15
2014-11-23,23-11-14,EMPTY,EMPTY_RETURN,get_weather_features returned {},1,0.0,2026-05-12T06:53:15
2014-11-24,24-11-14,EMPTY,EMPTY_RETURN,get_weather_features returned {},1,0.0,2026-05-12T06:53:15
2014-11-25,25-11-14,EMPTY,EMPTY_RETURN,get_weather_features returned {},1,0.0,2026-05-12T06:53:15
2014-11-26,26-11-14,EMPTY,EMPTY_RETURN,get_weather_features returned {},1,0.0,2026-05-12T06:53:15
2014-11-27,27-11-14,EMPTY,EMPTY_RETURN,get_weather_features returned {},1,0.0,2026-05-12T06:53:15
2014-11-29,29-11-14,EMPTY,EMPTY_RETURN,get_weather_features returned {},1,0.0,2026-05-12T06:53:16
2014-11-30,30-11-14,EMPTY,EMPTY_RETURN,get_weather_features returned {},1,0.0,2026-05-12T06:53:16
2014-12-01,01-12-14,EMPTY,EMPTY_RETURN,get_weather_features returned {},1,0.0,2026-05-12T06:53:16
2014-12-02,02-12-14,EMPTY,EMPTY_RETURN,get_weather_features returned {},1,0.0,2026-05-12T06:53:16
2014-12-04,04-12-14,EMPTY,EMPTY_RETURN,get_weather_features returned {},1,0.0,2026-05-12T06:53:16
2014-12-05,05-12-14,EMPTY,EMPTY_RETURN,get_weather_features returned {},1,0.0,2026-05-12T06:53:16
2014-12-06,06-12-14,EMPTY,EMPTY_RETURN,get_weather_features returned {},1,0.0,2026-05-12T06:53:16
2014-12-08,08-12-14,EMPTY,EMPTY_RETURN,get_weather_features returned {},1,0.0,2026-05-12T06:53:16
2014-12-09,09-12-14,EMPTY,EMPTY_RETURN,get_weather_features returned {},1,0.0,2026-05-12T06:53:16
2014-12-10,10-12-14,EMPTY,EMPTY_RETURN,get_weather_features returned {},1,0.0,2026-05-12T06:53:16
2014-12-11,11-12-14,EMPTY,EMPTY_RETURN,get_weather_features returned {},1,0.0,2026-05-12T06:53:16
2014-12-13,13-12-14,EMPTY,EMPTY_RETURN,get_weather_features returned {},1,0.0,2026-05-12T06:53:16
2014-12-16,16-12-14,EMPTY,EMPTY_RETURN,get_weather_features returned {},1,0.0,2026-05-12T06:53:16
2014-12-17,17-12-14,EMPTY,EMPTY_RETURN,get_weather_features returned {},1,0.0,2026-05-12T06:53:16
2014-12-20,20-12-14,EMPTY,EMPTY_RETURN,get_weather_features returned {},1,0.0,2026-05-12T06:53:16
2014-12-21,21-12-14,EMPTY,EMPTY_RETURN,get_weather_features returned {},1,0.0,2026-05-12T06:53:16
2014-12-22,22-12-14,EMPTY,EMPTY_RETURN,get_weather_features returned {},1,0.0,2026-05-12T06:53:16
2014-12-23,23-12-14,EMPTY,EMPTY_RETURN,get_weather_features returned {},1,0.0,2026-05-12T06:53:16
2014-12-24,24-12-14,EMPTY,EMPTY_RETURN,get_weather_features returned {},1,0.0,2026-05-12T06:53:16
2014-12-27,27-12-14,EMPTY,EMPTY_RETURN,get_weather_features returned {},1,0.0,2026-05-12T06:53:16
2014-12-28,28-12-14,EMPTY,EMPTY_RETURN,get_weather_features returned {},1,0.0,2026-05-12T06:53:16
2014-12-30,30-12-14,EMPTY,EMPTY_RETURN,get_weather_features returned {},1,0.0,2026-05-12T06:53:16
2015-01-02,02-01-15,EMPTY,EMPTY_RETURN,get_weather_features returned {},1,0.0,2026-05-12T06:53:16
2015-01-03,03-01-15,EMPTY,EMPTY_RETURN,get_weather_features returned {},1,0.0,2026-05-12T06:53:17
2015-01-04,04-01-15,EMPTY,EMPTY_RETURN,get_weather_features returned {},1,0.0,2026-05-12T06:53:17
2015-01-05,05-01-15,EMPTY,EMPTY_RETURN,get_weather_features returned {},1,0.0,2026-05-12T06:53:17
2015-01-08,08-01-15,EMPTY,EMPTY_RETURN,get_weather_features returned {},1,0.0,2026-05-12T06:53:17
2015-01-11,11-01-15,EMPTY,EMPTY_RETURN,get_weather_features returned {},1,0.0,2026-05-12T06:53:17
2015-01-12,12-01-15,EMPTY,EMPTY_RETURN,get_weather_features returned {},1,0.0,2026-05-12T06:53:17
2015-01-14,14-01-15,EMPTY,EMPTY_RETURN,get_weather_features returned {},1,0.0,2026-05-12T06:53:17
2015-01-17,17-01-15,EMPTY,EMPTY_RETURN,get_weather_features returned {},1,0.0,2026-05-12T06:53:17
2015-01-18,18-01-15,EMPTY,EMPTY_RETURN,get_weather_features returned {},1,0.0,2026-05-12T06:53:17
2015-01-19,19-01-15,EMPTY,EMPTY_RETURN,get_weather_features returned {},1,0.0,2026-05-12T06:53:17
2015-01-21,21-01-15,EMPTY,EMPTY_RETURN,get_weather_features returned {},1,0.0,2026-05-12T06:53:17
2015-01-23,23-01-15,EMPTY,EMPTY_RETURN,get_weather_features returned {},1,0.0,2026-05-12T06:53:17
2015-01-24,24-01-15,EMPTY,EMPTY_RETURN,get_weather_features returned {},1,0.0,2026-05-12T06:53:17
2015-01-25,25-01-15,EMPTY,EMPTY_RETURN,get_weather_features returned {},1,0.0,2026-05-12T06:53:17
2015-01-26,26-01-15,EMPTY,EMPTY_RETURN,get_weather_features returned {},1,0.0,2026-05-12T06:53:17
2015-01-27,27-01-15,EMPTY,EMPTY_RETURN,get_weather_features returned {},1,0.0,2026-05-12T06:53:17
2015-01-29,29-01-15,EMPTY,EMPTY_RETURN,get_weather_features returned {},1,0.0,2026-05-12T06:53:17
2015-02-01,01-02-15,EMPTY,EMPTY_RETURN,get_weather_features returned {},1,0.0,2026-05-12T06:53:17
2015-02-04,04-02-15,EMPTY,EMPTY_RETURN,get_weather_features returned {},1,0.0,2026-05-12T06:53:17
2015-02-07,07-02-15,EMPTY,EMPTY_RETURN,get_weather_features returned {},1,0.0,2026-05-12T06:53:18
2015-02-08,08-02-15,EMPTY,EMPTY_RETURN,get_weather_features returned {},1,0.0,2026-05-12T06:53:18
2015-02-09,09-02-15,EMPTY,EMPTY_RETURN,get_weather_features returned {},1,0.0,2026-05-12T06:53:18
2015-02-14,14-02-15,EMPTY,EMPTY_RETURN,get_weather_features returned {},1,0.0,2026-05-12T06:53:18
2015-02-16,16-02-15,EMPTY,EMPTY_RETURN,get_weather_features returned {},1,0.0,2026-05-12T06:53:18
2015-02-17,17-02-15,EMPTY,EMPTY_RETURN,get_weather_features returned {},1,0.0,2026-05-12T06:53:18
2015-02-18,18-02-15,EMPTY,EMPTY_RETURN,get_weather_features returned {},1,0.0,2026-05-12T06:53:18
2015-02-21,21-02-15,EMPTY,EMPTY_RETURN,get_weather_features returned {},1,0.0,2026-05-12T06:53:18
2015-02-22,22-02-15,EMPTY,EMPTY_RETURN,get_weather_features returned {},1,0.0,2026-05-12T06:53:18
2015-02-24,24-02-15,EMPTY,EMPTY_RETURN,get_weather_features returned {},1,0.0,2026-05-12T06:53:18
2015-02-25,25-02-15,EMPTY,EMPTY_RETURN,get_weather_features returned {},1,0.0,2026-05-12T06:53:18
2015-02-26,26-02-15,EMPTY,EMPTY_RETURN,get_weather_features returned {},1,0.0,2026-05-12T06:53:18
2015-03-01,01-03-15,EMPTY,EMPTY_RETURN,get_weather_features returned {},1,0.0,2026-05-12T06:53:18
2015-03-03,03-03-15,EMPTY,EMPTY_RETURN,get_weather_features returned {},1,0.0,2026-05-12T06:53:18
2015-03-04,04-03-15,EMPTY,EMPTY_RETURN,get_weather_features returned {},1,0.0,2026-05-12T06:53:18
2015-03-05,05-03-15,EMPTY,EMPTY_RETURN,get_weather_features returned {},1,0.0,2026-05-12T06:53:18
2015-03-06,06-03-15,EMPTY,EMPTY_RETURN,get_weather_features returned {},1,0.0,2026-05-12T06:53:18
2015-03-07,07-03-15,EMPTY,EMPTY_RETURN,get_weather_features returned {},1,0.0,2026-05-12T06:53:18
2015-04-20,20-04-15,EMPTY,EMPTY_RETURN,get_weather_features returned {},1,0.0,2026-05-12T06:53:20
2015-05-09,09-05-15,EMPTY,EMPTY_RETURN,get_weather_features returned {},1,0.0,2026-05-12T06:53:20
2015-06-14,14-06-15,EMPTY,EMPTY_RETURN,get_weather_features returned {},1,0.0,2026-05-12T06:53:21
2015-07-19,19-07-15,EMPTY,EMPTY_RETURN,get_weather_features returned {},1,0.0,2026-05-12T06:53:22
2015-10-02,02-10-15,EMPTY,EMPTY_RETURN,get_weather_features returned {},1,0.0,2026-05-12T06:53:24
2015-11-01,01-11-15,EMPTY,EMPTY_RETURN,get_weather_features returned {},1,0.0,2026-05-12T06:53:25
2015-11-02,02-11-15,EMPTY,EMPTY_RETURN,get_weather_features returned {},1,0.0,2026-05-12T06:53:25
2015-11-05,05-11-15,EMPTY,EMPTY_RETURN,get_weather_features returned {},1,0.0,2026-05-12T06:53:25
2015-11-06,06-11-15,EMPTY,EMPTY_RETURN,get_weather_features returned {},1,0.0,2026-05-12T06:53:25
2015-11-07,07-11-15,EMPTY,EMPTY_RETURN,get_weather_features returned {},1,0.0,2026-05-12T06:53:25
2015-11-09,09-11-15,EMPTY,EMPTY_RETURN,get_weather_features returned {},1,0.0,2026-05-12T06:53:25
2015-11-10,10-11-15,EMPTY,EMPTY_RETURN,get_weather_features returned {},1,0.0,2026-05-12T06:53:25
2015-11-11,11-11-15,EMPTY,EMPTY_RETURN,get_weather_features returned {},1,0.0,2026-05-12T06:53:25
2015-11-18,18-11-15,EMPTY,EMPTY_RETURN,get_weather_features returned {},1,0.0,2026-05-12T06:53:26
2015-11-19,19-11-15,EMPTY,EMPTY_RETURN,get_weather_features returned {},1,0.0,2026-05-12T06:53:26
2015-11-21,21-11-15,EMPTY,EMPTY_RETURN,get_weather_features returned {},1,0.0,2026-05-12T06:53:26
2015-11-22,22-11-15,EMPTY,EMPTY_RETURN,get_weather_features returned {},1,0.0,2026-05-12T06:53:26
2015-11-27,27-11-15,EMPTY,EMPTY_RETURN,get_weather_features returned {},1,0.0,2026-05-12T06:53:26
2015-11-28,28-11-15,EMPTY,EMPTY_RETURN,get_weather_features returned {},1,0.0,2026-05-12T06:53:26
2015-11-30,30-11-15,EMPTY,EMPTY_RETURN,get_weather_features returned {},1,0.0,2026-05-12T06:53:26
2015-12-01,01-12-15,EMPTY,EMPTY_RETURN,get_weather_features returned {},1,0.0,2026-05-12T06:53:26
2015-12-02,02-12-15,EMPTY,EMPTY_RETURN,get_weather_features returned {},1,0.0,2026-05-12T06:53:26
2015-12-07,07-12-15,EMPTY,EMPTY_RETURN,get_weather_features returned {},1,0.0,2026-05-12T06:53:26
2015-12-09,09-12-15,EMPTY,EMPTY_RETURN,get_weather_features returned {},1,0.0,2026-05-12T06:53:26
2015-12-10,10-12-15,EMPTY,EMPTY_RETURN,get_weather_features returned {},1,0.0,2026-05-12T06:53:26
2015-12-11,11-12-15,EMPTY,EMPTY_RETURN,get_weather_features returned {},1,0.0,2026-05-12T06:53:26
2015-12-12,12-12-15,EMPTY,EMPTY_RETURN,get_weather_features returned {},1,0.0,2026-05-12T06:53:26
2015-12-13,13-12-15,EMPTY,EMPTY_RETURN,get_weather_features returned {},1,0.0,2026-05-12T06:53:26
2015-12-14,14-12-15,EMPTY,EMPTY_RETURN,get_weather_features returned {},1,0.0,2026-05-12T06:53:26
2015-12-15,15-12-15,EMPTY,EMPTY_RETURN,get_weather_features returned {},1,0.0,2026-05-12T06:53:26
2015-12-16,16-12-15,EMPTY,EMPTY_RETURN,get_weather_features returned {},1,0.0,2026-05-12T06:53:26
2015-12-17,17-12-15,EMPTY,EMPTY_RETURN,get_weather_features returned {},1,0.0,2026-05-12T06:53:26
2015-12-19,19-12-15,EMPTY,EMPTY_RETURN,get_weather_features returned {},1,0.0,2026-05-12T06:53:26
2015-12-21,21-12-15,EMPTY,EMPTY_RETURN,get_weather_features returned {},1,0.0,2026-05-12T06:53:26
2015-12-22,22-12-15,EMPTY,EMPTY_RETURN,get_weather_features returned {},1,0.0,2026-05-12T06:53:26
2015-12-23,23-12-15,EMPTY,EMPTY_RETURN,get_weather_features returned {},1,0.0,2026-05-12T06:53:26
2015-12-24,24-12-15,EMPTY,EMPTY_RETURN,get_weather_features returned {},1,0.0,2026-05-12T06:53:26
2015-12-25,25-12-15,EMPTY,EMPTY_RETURN,get_weather_features returned {},1,0.0,2026-05-12T06:53:27
2015-12-26,26-12-15,EMPTY,EMPTY_RETURN,get_weather_features returned {},1,0.0,2026-05-12T06:53:27
2015-12-27,27-12-15,EMPTY,EMPTY_RETURN,get_weather_features returned {},1,0.0,2026-05-12T06:53:27
2015-12-28,28-12-15,EMPTY,EMPTY_RETURN,get_weather_features returned {},1,0.0,2026-05-12T06:53:27
2015-12-29,29-12-15,EMPTY,EMPTY_RETURN,get_weather_features returned {},1,0.0,2026-05-12T06:53:27
2015-12-30,30-12-15,EMPTY,EMPTY_RETURN,get_weather_features returned {},1,0.0,2026-05-12T06:53:27
2015-12-31,31-12-15,EMPTY,EMPTY_RETURN,get_weather_features returned {},1,0.0,2026-05-12T06:53:27
2016-01-08,08-01-16,EMPTY,EMPTY_RETURN,get_weather_features returned {},1,0.0,2026-05-12T06:53:27
2016-01-09,09-01-16,EMPTY,EMPTY_RETURN,get_weather_features returned {},1,0.0,2026-05-12T06:53:27
2016-01-13,13-01-16,EMPTY,EMPTY_RETURN,get_weather_features returned {},1,0.0,2026-05-12T06:53:27
2016-01-14,14-01-16,EMPTY,EMPTY_RETURN,get_weather_features returned {},1,0.0,2026-05-12T06:53:27
2016-01-15,15-01-16,EMPTY,EMPTY_RETURN,get_weather_features returned {},1,0.0,2026-05-12T06:53:27
2016-01-16,16-01-16,EMPTY,EMPTY_RETURN,get_weather_features returned {},1,0.0,2026-05-12T06:53:27
2016-01-19,19-01-16,EMPTY,EMPTY_RETURN,get_weather_features returned {},1,0.0,2026-05-12T06:53:28
2016-01-20,20-01-16,EMPTY,EMPTY_RETURN,get_weather_features returned {},1,0.0,2026-05-12T06:53:28
2016-01-22,22-01-16,EMPTY,EMPTY_RETURN,get_weather_features returned {},1,0.0,2026-05-12T06:53:28
2016-01-23,23-01-16,EMPTY,EMPTY_RETURN,get_weather_features returned {},1,0.0,2026-05-12T06:53:28
2016-01-24,24-01-16,EMPTY,EMPTY_RETURN,get_weather_features returned {},1,0.0,2026-05-12T06:53:28
2016-01-25,25-01-16,EMPTY,EMPTY_RETURN,get_weather_features returned {},1,0.0,2026-05-12T06:53:28
2016-01-26,26-01-16,EMPTY,EMPTY_RETURN,get_weather_features returned {},1,0.0,2026-05-12T06:53:28
2016-01-28,28-01-16,EMPTY,EMPTY_RETURN,get_weather_features returned {},1,0.0,2026-05-12T06:53:28
2016-01-30,30-01-16,EMPTY,EMPTY_RETURN,get_weather_features returned {},1,0.0,2026-05-12T06:53:28
2016-01-31,31-01-16,EMPTY,EMPTY_RETURN,get_weather_features returned {},1,0.0,2026-05-12T06:53:28
2016-02-02,02-02-16,EMPTY,EMPTY_RETURN,get_weather_features returned {},1,0.0,2026-05-12T06:53:28
2016-02-03,03-02-16,EMPTY,EMPTY_RETURN,get_weather_features returned {},1,0.0,2026-05-12T06:53:28
2016-02-04,04-02-16,EMPTY,EMPTY_RETURN,get_weather_features returned {},1,0.0,2026-05-12T06:53:28
2016-02-07,07-02-16,EMPTY,EMPTY_RETURN,get_weather_features returned {},1,0.0,2026-05-12T06:53:28
2016-02-08,08-02-16,EMPTY,EMPTY_RETURN,get_weather_features returned {},1,0.0,2026-05-12T06:53:28
2016-02-09,09-02-16,EMPTY,EMPTY_RETURN,get_weather_features returned {},1,0.0,2026-05-12T06:53:28
2016-02-10,10-02-16,EMPTY,EMPTY_RETURN,get_weather_features returned {},1,0.0,2026-05-12T06:53:28
2016-02-12,12-02-16,EMPTY,EMPTY_RETURN,get_weather_features returned {},1,0.0,2026-05-12T06:53:28
2016-02-14,14-02-16,EMPTY,EMPTY_RETURN,get_weather_features returned {},1,0.0,2026-05-12T06:53:28
2016-02-15,15-02-16,EMPTY,EMPTY_RETURN,get_weather_features returned {},1,0.0,2026-05-12T06:53:28
2016-02-19,19-02-16,EMPTY,EMPTY_RETURN,get_weather_features returned {},1,0.0,2026-05-12T06:53:29
2016-02-21,21-02-16,EMPTY,EMPTY_RETURN,get_weather_features returned {},1,0.0,2026-05-12T06:53:29
2016-02-22,22-02-16,EMPTY,EMPTY_RETURN,get_weather_features returned {},1,0.0,2026-05-12T06:53:29
2016-02-23,23-02-16,EMPTY,EMPTY_RETURN,get_weather_features returned {},1,0.0,2026-05-12T06:53:29
2016-02-24,24-02-16,EMPTY,EMPTY_RETURN,get_weather_features returned {},1,0.0,2026-05-12T06:53:29
2016-02-25,25-02-16,EMPTY,EMPTY_RETURN,get_weather_features returned {},1,0.0,2026-05-12T06:53:29
2016-03-01,01-03-16,EMPTY,EMPTY_RETURN,get_weather_features returned {},1,0.0,2026-05-12T06:53:29
2016-03-03,03-03-16,EMPTY,EMPTY_RETURN,get_weather_features returned {},1,0.0,2026-05-12T06:53:29
2016-03-09,09-03-16,EMPTY,EMPTY_RETURN,get_weather_features returned {},1,0.0,2026-05-12T06:53:29
2016-03-10,10-03-16,EMPTY,EMPTY_RETURN,get_weather_features returned {},1,0.0,2026-05-12T06:53:29
2016-03-11,11-03-16,EMPTY,EMPTY_RETURN,get_weather_features returned {},1,0.0,2026-05-12T06:53:29
2016-03-12,12-03-16,EMPTY,EMPTY_RETURN,get_weather_features returned {},1,0.0,2026-05-12T06:53:29
2016-03-22,22-03-16,EMPTY,EMPTY_RETURN,get_weather_features returned {},1,0.0,2026-05-12T06:53:30
2016-04-17,17-04-16,EMPTY,EMPTY_RETURN,get_weather_features returned {},1,0.0,2026-05-12T06:53:30
2016-06-28,28-06-16,EMPTY,EMPTY_RETURN,get_weather_features returned {},1,0.0,2026-05-12T06:53:32
2016-11-08,08-11-16,EMPTY,EMPTY_RETURN,get_weather_features returned {},1,0.0,2026-05-12T06:53:36
2016-11-09,09-11-16,EMPTY,EMPTY_RETURN,get_weather_features returned {},1,0.0,2026-05-12T06:53:36
2016-11-14,14-11-16,EMPTY,EMPTY_RETURN,get_weather_features returned {},1,0.0,2026-05-12T06:53:36
2016-11-15,15-11-16,EMPTY,EMPTY_RETURN,get_weather_features returned {},1,0.0,2026-05-12T06:53:36
2016-11-16,16-11-16,EMPTY,EMPTY_RETURN,get_weather_features returned {},1,0.0,2026-05-12T06:53:36
2016-11-19,19-11-16,EMPTY,EMPTY_RETURN,get_weather_features returned {},1,0.0,2026-05-12T06:53:36
2016-11-20,20-11-16,EMPTY,EMPTY_RETURN,get_weather_features returned {},1,0.0,2026-05-12T06:53:36
2016-11-21,21-11-16,EMPTY,EMPTY_RETURN,get_weather_features returned {},1,0.0,2026-05-12T06:53:36
2016-11-22,22-11-16,EMPTY,EMPTY_RETURN,get_weather_features returned {},1,0.0,2026-05-12T06:53:36
2016-11-23,23-11-16,EMPTY,EMPTY_RETURN,get_weather_features returned {},1,0.0,2026-05-12T06:53:36
2016-11-24,24-11-16,EMPTY,EMPTY_RETURN,get_weather_features returned {},1,0.0,2026-05-12T06:53:36
2016-11-25,25-11-16,EMPTY,EMPTY_RETURN,get_weather_features returned {},1,0.0,2026-05-12T06:53:37
2016-11-28,28-11-16,EMPTY,EMPTY_RETURN,get_weather_features returned {},1,0.0,2026-05-12T06:53:37
2016-11-30,30-11-16,EMPTY,EMPTY_RETURN,get_weather_features returned {},1,0.0,2026-05-12T06:53:37
2016-12-02,02-12-16,EMPTY,EMPTY_RETURN,get_weather_features returned {},1,0.0,2026-05-12T06:53:37
2016-12-03,03-12-16,EMPTY,EMPTY_RETURN,get_weather_features returned {},1,0.0,2026-05-12T06:53:37
2016-12-05,05-12-16,EMPTY,EMPTY_RETURN,get_weather_features returned {},1,0.0,2026-05-12T06:53:37
2016-12-06,06-12-16,EMPTY,EMPTY_RETURN,get_weather_features returned {},1,0.0,2026-05-12T06:53:37
2016-12-07,07-12-16,EMPTY,EMPTY_RETURN,get_weather_features returned {},1,0.0,2026-05-12T06:53:37
2016-12-11,11-12-16,EMPTY,EMPTY_RETURN,get_weather_features returned {},1,0.0,2026-05-12T06:53:37
2016-12-12,12-12-16,EMPTY,EMPTY_RETURN,get_weather_features returned {},1,0.0,2026-05-12T06:53:37
2016-12-13,13-12-16,EMPTY,EMPTY_RETURN,get_weather_features returned {},1,0.0,2026-05-12T06:53:37
2016-12-14,14-12-16,EMPTY,EMPTY_RETURN,get_weather_features returned {},1,0.0,2026-05-12T06:53:37
2016-12-16,16-12-16,EMPTY,EMPTY_RETURN,get_weather_features returned {},1,0.0,2026-05-12T06:53:37
2016-12-17,17-12-16,EMPTY,EMPTY_RETURN,get_weather_features returned {},1,0.0,2026-05-12T06:53:37
2016-12-19,19-12-16,EMPTY,EMPTY_RETURN,get_weather_features returned {},1,0.0,2026-05-12T06:53:37
2016-12-20,20-12-16,EMPTY,EMPTY_RETURN,get_weather_features returned {},1,0.0,2026-05-12T06:53:37
2016-12-21,21-12-16,EMPTY,EMPTY_RETURN,get_weather_features returned {},1,0.0,2026-05-12T06:53:37
2016-12-23,23-12-16,EMPTY,EMPTY_RETURN,get_weather_features returned {},1,0.0,2026-05-12T06:53:37
2016-12-26,26-12-16,EMPTY,EMPTY_RETURN,get_weather_features returned {},1,0.0,2026-05-12T06:53:37
2016-12-29,29-12-16,EMPTY,EMPTY_RETURN,get_weather_features returned {},1,0.0,2026-05-12T06:53:37
2016-12-31,31-12-16,EMPTY,EMPTY_RETURN,get_weather_features returned {},1,0.0,2026-05-12T06:53:38
2017-01-02,02-01-17,EMPTY,EMPTY_RETURN,get_weather_features returned {},1,0.0,2026-05-12T06:53:38
2017-01-03,03-01-17,EMPTY,EMPTY_RETURN,get_weather_features returned {},1,0.0,2026-05-12T06:53:38
2017-01-05,05-01-17,EMPTY,EMPTY_RETURN,get_weather_features returned {},1,0.0,2026-05-12T06:53:38
2017-01-06,06-01-17,EMPTY,EMPTY_RETURN,get_weather_features returned {},1,0.0,2026-05-12T06:53:38
2017-01-07,07-01-17,EMPTY,EMPTY_RETURN,get_weather_features returned {},1,0.0,2026-05-12T06:53:38
2017-01-10,10-01-17,EMPTY,EMPTY_RETURN,get_weather_features returned {},1,0.0,2026-05-12T06:53:38
2017-01-11,11-01-17,EMPTY,EMPTY_RETURN,get_weather_features returned {},1,0.0,2026-05-12T06:53:38
2017-01-12,12-01-17,EMPTY,EMPTY_RETURN,get_weather_features returned {},1,0.0,2026-05-12T06:53:38
2017-01-13,13-01-17,EMPTY,EMPTY_RETURN,get_weather_features returned {},1,0.0,2026-05-12T06:53:38
2017-01-14,14-01-17,EMPTY,EMPTY_RETURN,get_weather_features returned {},1,0.0,2026-05-12T06:53:38
2017-01-15,15-01-17,EMPTY,EMPTY_RETURN,get_weather_features returned {},1,0.0,2026-05-12T06:53:38
2017-01-16,16-01-17,EMPTY,EMPTY_RETURN,get_weather_features returned {},1,0.0,2026-05-12T06:53:38
2017-01-17,17-01-17,EMPTY,EMPTY_RETURN,get_weather_features returned {},1,0.0,2026-05-12T06:53:38
2017-01-18,18-01-17,EMPTY,EMPTY_RETURN,get_weather_features returned {},1,0.0,2026-05-12T06:53:38
2017-01-19,19-01-17,EMPTY,EMPTY_RETURN,get_weather_features returned {},1,0.0,2026-05-12T06:53:38
2017-01-20,20-01-17,EMPTY,EMPTY_RETURN,get_weather_features returned {},1,0.0,2026-05-12T06:53:38
2017-01-21,21-01-17,EMPTY,EMPTY_RETURN,get_weather_features returned {},1,0.0,2026-05-12T06:53:38
2017-01-22,22-01-17,EMPTY,EMPTY_RETURN,get_weather_features returned {},1,0.0,2026-05-12T06:53:38
2017-01-23,23-01-17,EMPTY,EMPTY_RETURN,get_weather_features returned {},1,0.0,2026-05-12T06:53:38
2017-01-24,24-01-17,EMPTY,EMPTY_RETURN,get_weather_features returned {},1,0.0,2026-05-12T06:53:38
2017-01-25,25-01-17,EMPTY,EMPTY_RETURN,get_weather_features returned {},1,0.0,2026-05-12T06:53:38
2017-01-26,26-01-17,EMPTY,EMPTY_RETURN,get_weather_features returned {},1,0.0,2026-05-12T06:53:38
2017-01-28,28-01-17,EMPTY,EMPTY_RETURN,get_weather_features returned {},1,0.0,2026-05-12T06:53:38
2017-01-30,30-01-17,EMPTY,EMPTY_RETURN,get_weather_features returned {},1,0.0,2026-05-12T06:53:38
2017-01-31,31-01-17,EMPTY,EMPTY_RETURN,get_weather_features returned {},1,0.0,2026-05-12T06:53:38
2017-02-01,01-02-17,EMPTY,EMPTY_RETURN,get_weather_features returned {},1,0.0,2026-05-12T06:53:38
2017-02-04,04-02-17,EMPTY,EMPTY_RETURN,get_weather_features returned {},1,0.0,2026-05-12T06:53:39
2017-02-05,05-02-17,EMPTY,EMPTY_RETURN,get_weather_features returned {},1,0.0,2026-05-12T06:53:39
2017-02-07,07-02-17,EMPTY,EMPTY_RETURN,get_weather_features returned {},1,0.0,2026-05-12T06:53:39
2017-02-08,08-02-17,EMPTY,EMPTY_RETURN,get_weather_features returned {},1,0.0,2026-05-12T06:53:39
2017-02-10,10-02-17,EMPTY,EMPTY_RETURN,get_weather_features returned {},1,0.0,2026-05-12T06:53:39
2017-02-11,11-02-17,EMPTY,EMPTY_RETURN,get_weather_features returned {},1,0.0,2026-05-12T06:53:39
2017-02-13,13-02-17,EMPTY,EMPTY_RETURN,get_weather_features returned {},1,0.0,2026-05-12T06:53:39
2017-02-14,14-02-17,EMPTY,EMPTY_RETURN,get_weather_features returned {},1,0.0,2026-05-12T06:53:39
2017-02-17,17-02-17,EMPTY,EMPTY_RETURN,get_weather_features returned {},1,0.0,2026-05-12T06:53:39
2017-02-21,21-02-17,EMPTY,EMPTY_RETURN,get_weather_features returned {},1,0.0,2026-05-12T06:53:39
2017-02-22,22-02-17,EMPTY,EMPTY_RETURN,get_weather_features returned {},1,0.0,2026-05-12T06:53:39
2017-02-24,24-02-17,EMPTY,EMPTY_RETURN,get_weather_features returned {},1,0.0,2026-05-12T06:53:39
2017-02-25,25-02-17,EMPTY,EMPTY_RETURN,get_weather_features returned {},1,0.0,2026-05-12T06:53:39
2017-02-27,27-02-17,EMPTY,EMPTY_RETURN,get_weather_features returned {},1,0.0,2026-05-12T06:53:39
2017-02-28,28-02-17,EMPTY,EMPTY_RETURN,get_weather_features returned {},1,0.0,2026-05-12T06:53:39
2017-03-01,01-03-17,EMPTY,EMPTY_RETURN,get_weather_features returned {},1,0.0,2026-05-12T06:53:39
2017-03-06,06-03-17,EMPTY,EMPTY_RETURN,get_weather_features returned {},1,0.0,2026-05-12T06:53:39
2017-03-07,07-03-17,EMPTY,EMPTY_RETURN,get_weather_features returned {},1,0.0,2026-05-12T06:53:39
2017-03-09,09-03-17,EMPTY,EMPTY_RETURN,get_weather_features returned {},1,0.0,2026-05-12T06:53:39
2017-08-07,07-08-17,EMPTY,EMPTY_RETURN,get_weather_features returned {},1,0.0,2026-05-12T06:53:44
2017-11-05,05-11-17,EMPTY,EMPTY_RETURN,get_weather_features returned {},1,0.0,2026-05-12T06:53:47
2017-11-07,07-11-17,EMPTY,EMPTY_RETURN,get_weather_features returned {},1,0.0,2026-05-12T06:53:47
2017-11-09,09-11-17,EMPTY,EMPTY_RETURN,get_weather_features returned {},1,0.0,2026-05-12T06:53:47
2017-11-11,11-11-17,EMPTY,EMPTY_RETURN,get_weather_features returned {},1,0.0,2026-05-12T06:53:47
2017-11-12,12-11-17,EMPTY,EMPTY_RETURN,get_weather_features returned {},1,0.0,2026-05-12T06:53:47
2017-11-14,14-11-17,EMPTY,EMPTY_RETURN,get_weather_features returned {},1,0.0,2026-05-12T06:53:47
2017-11-15,15-11-17,EMPTY,EMPTY_RETURN,get_weather_features returned {},1,0.0,2026-05-12T06:53:47
2017-11-18,18-11-17,EMPTY,EMPTY_RETURN,get_weather_features returned {},1,0.0,2026-05-12T06:53:47
2017-11-19,19-11-17,EMPTY,EMPTY_RETURN,get_weather_features returned {},1,0.0,2026-05-12T06:53:47
2017-11-21,21-11-17,EMPTY,EMPTY_RETURN,get_weather_features returned {},1,0.0,2026-05-12T06:53:47
2017-11-25,25-11-17,EMPTY,EMPTY_RETURN,get_weather_features returned {},1,0.0,2026-05-12T06:53:47
2017-11-30,30-11-17,EMPTY,EMPTY_RETURN,get_weather_features returned {},1,0.0,2026-05-12T06:53:47
2017-12-02,02-12-17,EMPTY,EMPTY_RETURN,get_weather_features returned {},1,0.0,2026-05-12T06:53:48
2017-12-04,04-12-17,EMPTY,EMPTY_RETURN,get_weather_features returned {},1,0.0,2026-05-12T06:53:48
2017-12-05,05-12-17,EMPTY,EMPTY_RETURN,get_weather_features returned {},1,0.0,2026-05-12T06:53:48
2017-12-06,06-12-17,EMPTY,EMPTY_RETURN,get_weather_features returned {},1,0.0,2026-05-12T06:53:48
2017-12-07,07-12-17,EMPTY,EMPTY_RETURN,get_weather_features returned {},1,0.0,2026-05-12T06:53:48
2017-12-08,08-12-17,EMPTY,EMPTY_RETURN,get_weather_features returned {},1,0.0,2026-05-12T06:53:48
2017-12-09,09-12-17,EMPTY,EMPTY_RETURN,get_weather_features returned {},1,0.0,2026-05-12T06:53:48
2017-12-10,10-12-17,EMPTY,EMPTY_RETURN,get_weather_features returned {},1,0.0,2026-05-12T06:53:48
2017-12-11,11-12-17,EMPTY,EMPTY_RETURN,get_weather_features returned {},1,0.0,2026-05-12T06:53:48
2017-12-13,13-12-17,EMPTY,EMPTY_RETURN,get_weather_features returned {},1,0.0,2026-05-12T06:53:48
2017-12-14,14-12-17,EMPTY,EMPTY_RETURN,get_weather_features returned {},1,0.0,2026-05-12T06:53:48
2017-12-16,16-12-17,EMPTY,EMPTY_RETURN,get_weather_features returned {},1,0.0,2026-05-12T06:53:48
2017-12-17,17-12-17,EMPTY,EMPTY_RETURN,get_weather_features returned {},1,0.0,2026-05-12T06:53:48
2017-12-18,18-12-17,EMPTY,EMPTY_RETURN,get_weather_features returned {},1,0.0,2026-05-12T06:53:48
2017-12-21,21-12-17,EMPTY,EMPTY_RETURN,get_weather_features returned {},1,0.0,2026-05-12T06:53:48
2017-12-22,22-12-17,EMPTY,EMPTY_RETURN,get_weather_features returned {},1,0.0,2026-05-12T06:53:48
2017-12-24,24-12-17,EMPTY,EMPTY_RETURN,get_weather_features returned {},1,0.0,2026-05-12T06:53:48
2017-12-25,25-12-17,EMPTY,EMPTY_RETURN,get_weather_features returned {},1,0.0,2026-05-12T06:53:48
2017-12-26,26-12-17,EMPTY,EMPTY_RETURN,get_weather_features returned {},1,0.0,2026-05-12T06:53:48
2018-01-03,03-01-18,EMPTY,EMPTY_RETURN,get_weather_features returned {},1,0.0,2026-05-12T06:53:48
2018-01-04,04-01-18,EMPTY,EMPTY_RETURN,get_weather_features returned {},1,0.0,2026-05-12T06:53:48
2018-01-07,07-01-18,EMPTY,EMPTY_RETURN,get_weather_features returned {},1,0.0,2026-05-12T06:53:49
2018-01-08,08-01-18,EMPTY,EMPTY_RETURN,get_weather_features returned {},1,0.0,2026-05-12T06:53:49
2018-01-10,10-01-18,EMPTY,EMPTY_RETURN,get_weather_features returned {},1,0.0,2026-05-12T06:53:49
2018-01-11,11-01-18,EMPTY,EMPTY_RETURN,get_weather_features returned {},1,0.0,2026-05-12T06:53:49
2018-01-12,12-01-18,EMPTY,EMPTY_RETURN,get_weather_features returned {},1,0.0,2026-05-12T06:53:49
2018-01-15,15-01-18,EMPTY,EMPTY_RETURN,get_weather_features returned {},1,0.0,2026-05-12T06:53:49
2018-01-16,16-01-18,EMPTY,EMPTY_RETURN,get_weather_features returned {},1,0.0,2026-05-12T06:53:49
2018-01-17,17-01-18,EMPTY,EMPTY_RETURN,get_weather_features returned {},1,0.0,2026-05-12T06:53:49
2018-01-21,21-01-18,EMPTY,EMPTY_RETURN,get_weather_features returned {},1,0.0,2026-05-12T06:53:49
2018-01-22,22-01-18,EMPTY,EMPTY_RETURN,get_weather_features returned {},1,0.0,2026-05-12T06:53:49
2018-01-27,27-01-18,EMPTY,EMPTY_RETURN,get_weather_features returned {},1,0.0,2026-05-12T06:53:49
2018-01-28,28-01-18,EMPTY,EMPTY_RETURN,get_weather_features returned {},1,0.0,2026-05-12T06:53:49
2018-01-29,29-01-18,EMPTY,EMPTY_RETURN,get_weather_features returned {},1,0.0,2026-05-12T06:53:49
2018-01-31,31-01-18,EMPTY,EMPTY_RETURN,get_weather_features returned {},1,0.0,2026-05-12T06:53:49
2018-02-01,01-02-18,EMPTY,EMPTY_RETURN,get_weather_features returned {},1,0.0,2026-05-12T06:53:49
2018-02-03,03-02-18,EMPTY,EMPTY_RETURN,get_weather_features returned {},1,0.0,2026-05-12T06:53:49
2018-02-04,04-02-18,EMPTY,EMPTY_RETURN,get_weather_features returned {},1,0.0,2026-05-12T06:53:49
2018-02-05,05-02-18,EMPTY,EMPTY_RETURN,get_weather_features returned {},1,0.0,2026-05-12T06:53:49
2018-02-06,06-02-18,EMPTY,EMPTY_RETURN,get_weather_features returned {},1,0.0,2026-05-12T06:53:49
2018-02-07,07-02-18,EMPTY,EMPTY_RETURN,get_weather_features returned {},1,0.0,2026-05-12T06:53:49
2018-02-09,09-02-18,EMPTY,EMPTY_RETURN,get_weather_features returned {},1,0.0,2026-05-12T06:53:49
2018-02-10,10-02-18,EMPTY,EMPTY_RETURN,get_weather_features returned {},1,0.0,2026-05-12T06:53:50
2018-02-11,11-02-18,EMPTY,EMPTY_RETURN,get_weather_features returned {},1,0.0,2026-05-12T06:53:50
2018-02-12,12-02-18,EMPTY,EMPTY_RETURN,get_weather_features returned {},1,0.0,2026-05-12T06:53:50
2018-02-13,13-02-18,EMPTY,EMPTY_RETURN,get_weather_features returned {},1,0.0,2026-05-12T06:53:50
2018-02-14,14-02-18,EMPTY,EMPTY_RETURN,get_weather_features returned {},1,0.0,2026-05-12T06:53:50
2018-02-15,15-02-18,EMPTY,EMPTY_RETURN,get_weather_features returned {},1,0.0,2026-05-12T06:53:50
2018-02-17,17-02-18,EMPTY,EMPTY_RETURN,get_weather_features returned {},1,0.0,2026-05-12T06:53:50
2018-02-19,19-02-18,EMPTY,EMPTY_RETURN,get_weather_features returned {},1,0.0,2026-05-12T06:53:50
2018-02-21,21-02-18,EMPTY,EMPTY_RETURN,get_weather_features returned {},1,0.0,2026-05-12T06:53:50
2018-02-22,22-02-18,EMPTY,EMPTY_RETURN,get_weather_features returned {},1,0.0,2026-05-12T06:53:50
2018-02-23,23-02-18,EMPTY,EMPTY_RETURN,get_weather_features returned {},1,0.0,2026-05-12T06:53:50
2018-02-24,24-02-18,EMPTY,EMPTY_RETURN,get_weather_features returned {},1,0.0,2026-05-12T06:53:50
2018-02-25,25-02-18,EMPTY,EMPTY_RETURN,get_weather_features returned {},1,0.0,2026-05-12T06:53:50
2018-02-28,28-02-18,EMPTY,EMPTY_RETURN,get_weather_features returned {},1,0.0,2026-05-12T06:53:50
2018-03-01,01-03-18,EMPTY,EMPTY_RETURN,get_weather_features returned {},1,0.0,2026-05-12T06:53:50
2018-03-02,02-03-18,EMPTY,EMPTY_RETURN,get_weather_features returned {},1,0.0,2026-05-12T06:53:50
2018-03-03,03-03-18,EMPTY,EMPTY_RETURN,get_weather_features returned {},1,0.0,2026-05-12T06:53:50
2018-03-04,04-03-18,EMPTY,EMPTY_RETURN,get_weather_features returned {},1,0.0,2026-05-12T06:53:50
2018-03-06,06-03-18,EMPTY,EMPTY_RETURN,get_weather_features returned {},1,0.0,2026-05-12T06:53:50
2018-03-07,07-03-18,EMPTY,EMPTY_RETURN,get_weather_features returned {},1,0.0,2026-05-12T06:53:50
2018-03-08,08-03-18,EMPTY,EMPTY_RETURN,get_weather_features returned {},1,0.0,2026-05-12T06:53:50
2018-03-21,21-03-18,EMPTY,EMPTY_RETURN,get_weather_features returned {},1,0.0,2026-05-12T06:53:51
2018-04-18,18-04-18,EMPTY,EMPTY_RETURN,get_weather_features returned {},1,0.0,2026-05-12T06:53:51
2018-05-19,19-05-18,EMPTY,EMPTY_RETURN,get_weather_features returned {},1,0.0,2026-05-12T06:53:52
2018-05-31,31-05-18,EMPTY,EMPTY_RETURN,get_weather_features returned {},1,0.0,2026-05-12T06:53:53
2018-07-27,27-07-18,EMPTY,EMPTY_RETURN,get_weather_features returned {},1,0.0,2026-05-12T06:53:54
2018-08-05,05-08-18,EMPTY,EMPTY_RETURN,get_weather_features returned {},1,0.0,2026-05-12T06:53:55
2018-09-16,16-09-18,EMPTY,EMPTY_RETURN,get_weather_features returned {},1,0.0,2026-05-12T06:53:56
2018-10-22,22-10-18,EMPTY,EMPTY_RETURN,get_weather_features returned {},1,0.0,2026-05-12T06:53:57
2018-11-04,04-11-18,EMPTY,EMPTY_RETURN,get_weather_features returned {},1,0.0,2026-05-12T06:53:57
2018-11-05,05-11-18,EMPTY,EMPTY_RETURN,get_weather_features returned {},1,0.0,2026-05-12T06:53:57
2018-11-07,07-11-18,EMPTY,EMPTY_RETURN,get_weather_features returned {},1,0.0,2026-05-12T06:53:57
2018-11-09,09-11-18,EMPTY,EMPTY_RETURN,get_weather_features returned {},1,0.0,2026-05-12T06:53:57
2018-11-12,12-11-18,EMPTY,EMPTY_RETURN,get_weather_features returned {},1,0.0,2026-05-12T06:53:57
2018-11-13,13-11-18,EMPTY,EMPTY_RETURN,get_weather_features returned {},1,0.0,2026-05-12T06:53:57
2018-11-14,14-11-18,EMPTY,EMPTY_RETURN,get_weather_features returned {},1,0.0,2026-05-12T06:53:57
2018-11-15,15-11-18,EMPTY,EMPTY_RETURN,get_weather_features returned {},1,0.0,2026-05-12T06:53:57
2018-11-17,17-11-18,EMPTY,EMPTY_RETURN,get_weather_features returned {},1,0.0,2026-05-12T06:53:58
2018-11-18,18-11-18,EMPTY,EMPTY_RETURN,get_weather_features returned {},1,0.0,2026-05-12T06:53:58
2018-11-19,19-11-18,EMPTY,EMPTY_RETURN,get_weather_features returned {},1,0.0,2026-05-12T06:53:58
2018-11-23,23-11-18,EMPTY,EMPTY_RETURN,get_weather_features returned {},1,0.0,2026-05-12T06:53:58
2018-11-24,24-11-18,EMPTY,EMPTY_RETURN,get_weather_features returned {},1,0.0,2026-05-12T06:53:58
2018-11-26,26-11-18,EMPTY,EMPTY_RETURN,get_weather_features returned {},1,0.0,2026-05-12T06:53:58
2018-11-27,27-11-18,EMPTY,EMPTY_RETURN,get_weather_features returned {},1,0.0,2026-05-12T06:53:58
2018-11-28,28-11-18,EMPTY,EMPTY_RETURN,get_weather_features returned {},1,0.0,2026-05-12T06:53:58
2018-11-30,30-11-18,EMPTY,EMPTY_RETURN,get_weather_features returned {},1,0.0,2026-05-12T06:53:58
2018-12-01,01-12-18,EMPTY,EMPTY_RETURN,get_weather_features returned {},1,0.0,2026-05-12T06:53:58
2018-12-02,02-12-18,EMPTY,EMPTY_RETURN,get_weather_features returned {},1,0.0,2026-05-12T06:53:58
2018-12-06,06-12-18,EMPTY,EMPTY_RETURN,get_weather_features returned {},1,0.0,2026-05-12T06:53:58
2018-12-09,09-12-18,EMPTY,EMPTY_RETURN,get_weather_features returned {},1,0.0,2026-05-12T06:53:58
2018-12-11,11-12-18,EMPTY,EMPTY_RETURN,get_weather_features returned {},1,0.0,2026-05-12T06:53:58
2018-12-12,12-12-18,EMPTY,EMPTY_RETURN,get_weather_features returned {},1,0.0,2026-05-12T06:53:58
2018-12-13,13-12-18,EMPTY,EMPTY_RETURN,get_weather_features returned {},1,0.0,2026-05-12T06:53:58
2018-12-14,14-12-18,EMPTY,EMPTY_RETURN,get_weather_features returned {},1,0.0,2026-05-12T06:53:58
2018-12-15,15-12-18,EMPTY,EMPTY_RETURN,get_weather_features returned {},1,0.0,2026-05-12T06:53:58
2018-12-16,16-12-18,EMPTY,EMPTY_RETURN,get_weather_features returned {},1,0.0,2026-05-12T06:53:58
2018-12-17,17-12-18,EMPTY,EMPTY_RETURN,get_weather_features returned {},1,0.0,2026-05-12T06:53:58
2018-12-20,20-12-18,EMPTY,EMPTY_RETURN,get_weather_features returned {},1,0.0,2026-05-12T06:53:58
2018-12-21,21-12-18,EMPTY,EMPTY_RETURN,get_weather_features returned {},1,0.0,2026-05-12T06:53:58
2018-12-22,22-12-18,EMPTY,EMPTY_RETURN,get_weather_features returned {},1,0.0,2026-05-12T06:53:59
2018-12-23,23-12-18,EMPTY,EMPTY_RETURN,get_weather_features returned {},1,0.0,2026-05-12T06:53:59
2018-12-26,26-12-18,EMPTY,EMPTY_RETURN,get_weather_features returned {},1,0.0,2026-05-12T06:53:59
2018-12-27,27-12-18,EMPTY,EMPTY_RETURN,get_weather_features returned {},1,0.0,2026-05-12T06:53:59
2018-12-28,28-12-18,EMPTY,EMPTY_RETURN,get_weather_features returned {},1,0.0,2026-05-12T06:53:59
2018-12-29,29-12-18,EMPTY,EMPTY_RETURN,get_weather_features returned {},1,0.0,2026-05-12T06:53:59
2018-12-30,30-12-18,EMPTY,EMPTY_RETURN,get_weather_features returned {},1,0.0,2026-05-12T06:53:59
2018-12-31,31-12-18,EMPTY,EMPTY_RETURN,get_weather_features returned {},1,0.0,2026-05-12T06:53:59
2019-01-01,01-01-19,EMPTY,EMPTY_RETURN,get_weather_features returned {},1,0.0,2026-05-12T06:53:59
2019-01-02,02-01-19,EMPTY,EMPTY_RETURN,get_weather_features returned {},1,0.0,2026-05-12T06:53:59
2019-01-03,03-01-19,EMPTY,EMPTY_RETURN,get_weather_features returned {},1,0.0,2026-05-12T06:53:59
2019-01-04,04-01-19,EMPTY,EMPTY_RETURN,get_weather_features returned {},1,0.0,2026-05-12T06:53:59
2019-01-07,07-01-19,EMPTY,EMPTY_RETURN,get_weather_features returned {},1,0.0,2026-05-12T06:53:59
2019-01-08,08-01-19,EMPTY,EMPTY_RETURN,get_weather_features returned {},1,0.0,2026-05-12T06:53:59
2019-01-09,09-01-19,EMPTY,EMPTY_RETURN,get_weather_features returned {},1,0.0,2026-05-12T06:53:59
2019-01-10,10-01-19,EMPTY,EMPTY_RETURN,get_weather_features returned {},1,0.0,2026-05-12T06:53:59
2019-01-12,12-01-19,EMPTY,EMPTY_RETURN,get_weather_features returned {},1,0.0,2026-05-12T06:53:59
2019-01-13,13-01-19,EMPTY,EMPTY_RETURN,get_weather_features returned {},1,0.0,2026-05-12T06:53:59
2019-01-16,16-01-19,EMPTY,EMPTY_RETURN,get_weather_features returned {},1,0.0,2026-05-12T06:53:59
2019-01-17,17-01-19,EMPTY,EMPTY_RETURN,get_weather_features returned {},1,0.0,2026-05-12T06:53:59
2019-01-18,18-01-19,EMPTY,EMPTY_RETURN,get_weather_features returned {},1,0.0,2026-05-12T06:53:59
2019-01-19,19-01-19,EMPTY,EMPTY_RETURN,get_weather_features returned {},1,0.0,2026-05-12T06:53:59
2019-01-22,22-01-19,EMPTY,EMPTY_RETURN,get_weather_features returned {},1,0.0,2026-05-12T06:53:59
2019-01-23,23-01-19,EMPTY,EMPTY_RETURN,get_weather_features returned {},1,0.0,2026-05-12T06:53:59
2019-01-24,24-01-19,EMPTY,EMPTY_RETURN,get_weather_features returned {},1,0.0,2026-05-12T06:53:59
2019-01-26,26-01-19,EMPTY,EMPTY_RETURN,get_weather_features returned {},1,0.0,2026-05-12T06:54:00
2019-01-27,27-01-19,EMPTY,EMPTY_RETURN,get_weather_features returned {},1,0.0,2026-05-12T06:54:00
2019-01-29,29-01-19,EMPTY,EMPTY_RETURN,get_weather_features returned {},1,0.0,2026-05-12T06:54:00
2019-01-30,30-01-19,EMPTY,EMPTY_RETURN,get_weather_features returned {},1,0.0,2026-05-12T06:54:00
2019-02-02,02-02-19,EMPTY,EMPTY_RETURN,get_weather_features returned {},1,0.0,2026-05-12T06:54:00
2019-02-05,05-02-19,EMPTY,EMPTY_RETURN,get_weather_features returned {},1,0.0,2026-05-12T06:54:00
2019-02-06,06-02-19,EMPTY,EMPTY_RETURN,get_weather_features returned {},1,0.0,2026-05-12T06:54:00
2019-02-07,07-02-19,EMPTY,EMPTY_RETURN,get_weather_features returned {},1,0.0,2026-05-12T06:54:00
2019-02-10,10-02-19,EMPTY,EMPTY_RETURN,get_weather_features returned {},1,0.0,2026-05-12T06:54:00
2019-02-11,11-02-19,EMPTY,EMPTY_RETURN,get_weather_features returned {},1,0.0,2026-05-12T06:54:00
2019-02-12,12-02-19,EMPTY,EMPTY_RETURN,get_weather_features returned {},1,0.0,2026-05-12T06:54:00
2019-02-13,13-02-19,EMPTY,EMPTY_RETURN,get_weather_features returned {},1,0.0,2026-05-12T06:54:00
2019-02-14,14-02-19,EMPTY,EMPTY_RETURN,get_weather_features returned {},1,0.0,2026-05-12T06:54:00
2019-02-15,15-02-19,EMPTY,EMPTY_RETURN,get_weather_features returned {},1,0.0,2026-05-12T06:54:00
2019-02-16,16-02-19,EMPTY,EMPTY_RETURN,get_weather_features returned {},1,0.0,2026-05-12T06:54:00
2019-02-17,17-02-19,EMPTY,EMPTY_RETURN,get_weather_features returned {},1,0.0,2026-05-12T06:54:00
2019-02-19,19-02-19,EMPTY,EMPTY_RETURN,get_weather_features returned {},1,0.0,2026-05-12T06:54:00
2019-02-20,20-02-19,EMPTY,EMPTY_RETURN,get_weather_features returned {},1,0.0,2026-05-12T06:54:00
2019-02-21,21-02-19,EMPTY,EMPTY_RETURN,get_weather_features returned {},1,0.0,2026-05-12T06:54:00
2019-02-22,22-02-19,EMPTY,EMPTY_RETURN,get_weather_features returned {},1,0.0,2026-05-12T06:54:00
2019-02-23,23-02-19,EMPTY,EMPTY_RETURN,get_weather_features returned {},1,0.0,2026-05-12T06:54:00
2019-02-24,24-02-19,EMPTY,EMPTY_RETURN,get_weather_features returned {},1,0.0,2026-05-12T06:54:00
2019-02-26,26-02-19,EMPTY,EMPTY_RETURN,get_weather_features returned {},1,0.0,2026-05-12T06:54:00
2019-02-27,27-02-19,EMPTY,EMPTY_RETURN,get_weather_features returned {},1,0.0,2026-05-12T06:54:00
2019-02-28,28-02-19,EMPTY,EMPTY_RETURN,get_weather_features returned {},1,0.0,2026-05-12T06:54:00
2019-03-01,01-03-19,EMPTY,EMPTY_RETURN,get_weather_features returned {},1,0.0,2026-05-12T06:54:00
2019-03-02,02-03-19,EMPTY,EMPTY_RETURN,get_weather_features returned {},1,0.0,2026-05-12T06:54:01
2019-03-03,03-03-19,EMPTY,EMPTY_RETURN,get_weather_features returned {},1,0.0,2026-05-12T06:54:01
2019-03-04,04-03-19,EMPTY,EMPTY_RETURN,get_weather_features returned {},1,0.0,2026-05-12T06:54:01
2019-03-05,05-03-19,EMPTY,EMPTY_RETURN,get_weather_features returned {},1,0.0,2026-05-12T06:54:01
2019-03-07,07-03-19,EMPTY,EMPTY_RETURN,get_weather_features returned {},1,0.0,2026-05-12T06:54:01
2019-03-08,08-03-19,EMPTY,EMPTY_RETURN,get_weather_features returned {},1,0.0,2026-05-12T06:54:01
2019-03-09,09-03-19,EMPTY,EMPTY_RETURN,get_weather_features returned {},1,0.0,2026-05-12T06:54:01
2019-05-23,23-05-19,EMPTY,EMPTY_RETURN,get_weather_features returned {},1,0.0,2026-05-12T06:54:03
2019-06-04,04-06-19,EMPTY,EMPTY_RETURN,get_weather_features returned {},1,0.0,2026-05-12T06:54:03
2019-09-20,20-09-19,EMPTY,EMPTY_RETURN,get_weather_features returned {},1,0.0,2026-05-12T06:54:07
2019-09-21,21-09-19,EMPTY,EMPTY_RETURN,get_weather_features returned {},1,0.0,2026-05-12T06:54:07
2019-09-22,22-09-19,EMPTY,EMPTY_RETURN,get_weather_features returned {},1,0.0,2026-05-12T06:54:07
2019-11-04,04-11-19,EMPTY,EMPTY_RETURN,get_weather_features returned {},1,0.0,2026-05-12T06:54:08
2019-11-05,05-11-19,EMPTY,EMPTY_RETURN,get_weather_features returned {},1,0.0,2026-05-12T06:54:08
2019-11-07,07-11-19,EMPTY,EMPTY_RETURN,get_weather_features returned {},1,0.0,2026-05-12T06:54:08
2019-11-08,08-11-19,EMPTY,EMPTY_RETURN,get_weather_features returned {},1,0.0,2026-05-12T06:54:08
2019-11-09,09-11-19,EMPTY,EMPTY_RETURN,get_weather_features returned {},1,0.0,2026-05-12T06:54:08
2019-11-11,11-11-19,EMPTY,EMPTY_RETURN,get_weather_features returned {},1,0.0,2026-05-12T06:54:08
2019-11-14,14-11-19,EMPTY,EMPTY_RETURN,get_weather_features returned {},1,0.0,2026-05-12T06:54:08
2019-11-15,15-11-19,EMPTY,EMPTY_RETURN,get_weather_features returned {},1,0.0,2026-05-12T06:54:08
2019-11-17,17-11-19,EMPTY,EMPTY_RETURN,get_weather_features returned {},1,0.0,2026-05-12T06:54:08
2019-11-18,18-11-19,EMPTY,EMPTY_RETURN,get_weather_features returned {},1,0.0,2026-05-12T06:54:08
2019-11-19,19-11-19,EMPTY,EMPTY_RETURN,get_weather_features returned {},1,0.0,2026-05-12T06:54:08
2019-11-21,21-11-19,EMPTY,EMPTY_RETURN,get_weather_features returned {},1,0.0,2026-05-12T06:54:08
2019-11-23,23-11-19,EMPTY,EMPTY_RETURN,get_weather_features returned {},1,0.0,2026-05-12T06:54:09
2019-11-26,26-11-19,EMPTY,EMPTY_RETURN,get_weather_features returned {},1,0.0,2026-05-12T06:54:09
2019-11-27,27-11-19,EMPTY,EMPTY_RETURN,get_weather_features returned {},1,0.0,2026-05-12T06:54:09
2019-11-29,29-11-19,EMPTY,EMPTY_RETURN,get_weather_features returned {},1,0.0,2026-05-12T06:54:09
2019-11-30,30-11-19,EMPTY,EMPTY_RETURN,get_weather_features returned {},1,0.0,2026-05-12T06:54:09
2019-12-01,01-12-19,EMPTY,EMPTY_RETURN,get_weather_features returned {},1,0.0,2026-05-12T06:54:09
2019-12-02,02-12-19,EMPTY,EMPTY_RETURN,get_weather_features returned {},1,0.0,2026-05-12T06:54:09
2019-12-03,03-12-19,EMPTY,EMPTY_RETURN,get_weather_features returned {},1,0.0,2026-05-12T06:54:09
2019-12-04,04-12-19,EMPTY,EMPTY_RETURN,get_weather_features returned {},1,0.0,2026-05-12T06:54:09
2019-12-05,05-12-19,EMPTY,EMPTY_RETURN,get_weather_features returned {},1,0.0,2026-05-12T06:54:09
2019-12-08,08-12-19,EMPTY,EMPTY_RETURN,get_weather_features returned {},1,0.0,2026-05-12T06:54:09
2019-12-09,09-12-19,EMPTY,EMPTY_RETURN,get_weather_features returned {},1,0.0,2026-05-12T06:54:09
2019-12-10,10-12-19,EMPTY,EMPTY_RETURN,get_weather_features returned {},1,0.0,2026-05-12T06:54:09
2019-12-12,12-12-19,EMPTY,EMPTY_RETURN,get_weather_features returned {},1,0.0,2026-05-12T06:54:09
2019-12-13,13-12-19,EMPTY,EMPTY_RETURN,get_weather_features returned {},1,0.0,2026-05-12T06:54:09
2019-12-14,14-12-19,EMPTY,EMPTY_RETURN,get_weather_features returned {},1,0.0,2026-05-12T06:54:09
2019-12-15,15-12-19,EMPTY,EMPTY_RETURN,get_weather_features returned {},1,0.0,2026-05-12T06:54:09
2019-12-16,16-12-19,EMPTY,EMPTY_RETURN,get_weather_features returned {},1,0.0,2026-05-12T06:54:09
2019-12-17,17-12-19,EMPTY,EMPTY_RETURN,get_weather_features returned {},1,0.0,2026-05-12T06:54:09
2019-12-19,19-12-19,EMPTY,EMPTY_RETURN,get_weather_features returned {},1,0.0,2026-05-12T06:54:09
2019-12-25,25-12-19,EMPTY,EMPTY_RETURN,get_weather_features returned {},1,0.0,2026-05-12T06:54:09
2019-12-26,26-12-19,EMPTY,EMPTY_RETURN,get_weather_features returned {},1,0.0,2026-05-12T06:54:09
2019-12-27,27-12-19,EMPTY,EMPTY_RETURN,get_weather_features returned {},1,0.0,2026-05-12T06:54:09
2019-12-28,28-12-19,EMPTY,EMPTY_RETURN,get_weather_features returned {},1,0.0,2026-05-12T06:54:10
2019-12-29,29-12-19,EMPTY,EMPTY_RETURN,get_weather_features returned {},1,0.0,2026-05-12T06:54:10
2019-12-30,30-12-19,EMPTY,EMPTY_RETURN,get_weather_features returned {},1,0.0,2026-05-12T06:54:10
2019-12-31,31-12-19,EMPTY,EMPTY_RETURN,get_weather_features returned {},1,0.0,2026-05-12T06:54:10
2020-01-02,02-01-20,EMPTY,EMPTY_RETURN,get_weather_features returned {},1,0.0,2026-05-12T06:54:10
2020-01-03,03-01-20,EMPTY,EMPTY_RETURN,get_weather_features returned {},1,0.0,2026-05-12T06:54:10
2020-01-04,04-01-20,EMPTY,EMPTY_RETURN,get_weather_features returned {},1,0.0,2026-05-12T06:54:10
2020-01-05,05-01-20,EMPTY,EMPTY_RETURN,get_weather_features returned {},1,0.0,2026-05-12T06:54:10
2020-01-06,06-01-20,EMPTY,EMPTY_RETURN,get_weather_features returned {},1,0.0,2026-05-12T06:54:10
2020-01-07,07-01-20,EMPTY,EMPTY_RETURN,get_weather_features returned {},1,0.0,2026-05-12T06:54:10
2020-01-08,08-01-20,EMPTY,EMPTY_RETURN,get_weather_features returned {},1,0.0,2026-05-12T06:54:10
2020-01-09,09-01-20,EMPTY,EMPTY_RETURN,get_weather_features returned {},1,0.0,2026-05-12T06:54:10
2020-01-10,10-01-20,EMPTY,EMPTY_RETURN,get_weather_features returned {},1,0.0,2026-05-12T06:54:10
2020-01-11,11-01-20,EMPTY,EMPTY_RETURN,get_weather_features returned {},1,0.0,2026-05-12T06:54:10
2020-01-13,13-01-20,EMPTY,EMPTY_RETURN,get_weather_features returned {},1,0.0,2026-05-12T06:54:10
2020-01-14,14-01-20,EMPTY,EMPTY_RETURN,get_weather_features returned {},1,0.0,2026-05-12T06:54:10
2020-01-15,15-01-20,EMPTY,EMPTY_RETURN,get_weather_features returned {},1,0.0,2026-05-12T06:54:10
2020-01-17,17-01-20,EMPTY,EMPTY_RETURN,get_weather_features returned {},1,0.0,2026-05-12T06:54:10
2020-01-18,18-01-20,EMPTY,EMPTY_RETURN,get_weather_features returned {},1,0.0,2026-05-12T06:54:10
2020-01-19,19-01-20,EMPTY,EMPTY_RETURN,get_weather_features returned {},1,0.0,2026-05-12T06:54:10
2020-01-21,21-01-20,EMPTY,EMPTY_RETURN,get_weather_features returned {},1,0.0,2026-05-12T06:54:10
2020-01-22,22-01-20,EMPTY,EMPTY_RETURN,get_weather_features returned {},1,0.0,2026-05-12T06:54:10
2020-01-23,23-01-20,EMPTY,EMPTY_RETURN,get_weather_features returned {},1,0.0,2026-05-12T06:54:10
2020-01-27,27-01-20,EMPTY,EMPTY_RETURN,get_weather_features returned {},1,0.0,2026-05-12T06:54:10
2020-01-28,28-01-20,EMPTY,EMPTY_RETURN,get_weather_features returned {},1,0.0,2026-05-12T06:54:10
2020-01-30,30-01-20,EMPTY,EMPTY_RETURN,get_weather_features returned {},1,0.0,2026-05-12T06:54:10
2020-01-31,31-01-20,EMPTY,EMPTY_RETURN,get_weather_features returned {},1,0.0,2026-05-12T06:54:11
2020-02-01,01-02-20,EMPTY,EMPTY_RETURN,get_weather_features returned {},1,0.0,2026-05-12T06:54:11
2020-02-02,02-02-20,EMPTY,EMPTY_RETURN,get_weather_features returned {},1,0.0,2026-05-12T06:54:11
2020-02-03,03-02-20,EMPTY,EMPTY_RETURN,get_weather_features returned {},1,0.0,2026-05-12T06:54:11
2020-02-04,04-02-20,EMPTY,EMPTY_RETURN,get_weather_features returned {},1,0.0,2026-05-12T06:54:11
2020-02-05,05-02-20,EMPTY,EMPTY_RETURN,get_weather_features returned {},1,0.0,2026-05-12T06:54:11
2020-02-06,06-02-20,EMPTY,EMPTY_RETURN,get_weather_features returned {},1,0.0,2026-05-12T06:54:11
2020-02-07,07-02-20,EMPTY,EMPTY_RETURN,get_weather_features returned {},1,0.0,2026-05-12T06:54:11
2020-02-09,09-02-20,EMPTY,EMPTY_RETURN,get_weather_features returned {},1,0.0,2026-05-12T06:54:11
2020-02-10,10-02-20,EMPTY,EMPTY_RETURN,get_weather_features returned {},1,0.0,2026-05-12T06:54:11
2020-02-11,11-02-20,EMPTY,EMPTY_RETURN,get_weather_features returned {},1,0.0,2026-05-12T06:54:11
2020-02-12,12-02-20,EMPTY,EMPTY_RETURN,get_weather_features returned {},1,0.0,2026-05-12T06:54:11
2020-02-13,13-02-20,EMPTY,EMPTY_RETURN,get_weather_features returned {},1,0.0,2026-05-12T06:54:11
2020-02-15,15-02-20,EMPTY,EMPTY_RETURN,get_weather_features returned {},1,0.0,2026-05-12T06:54:11
2020-02-16,16-02-20,EMPTY,EMPTY_RETURN,get_weather_features returned {},1,0.0,2026-05-12T06:54:11
2020-02-17,17-02-20,EMPTY,EMPTY_RETURN,get_weather_features returned {},1,0.0,2026-05-12T06:54:11
2020-02-18,18-02-20,EMPTY,EMPTY_RETURN,get_weather_features returned {},1,0.0,2026-05-12T06:54:11
2020-02-23,23-02-20,EMPTY,EMPTY_RETURN,get_weather_features returned {},1,0.0,2026-05-12T06:54:11
2020-02-24,24-02-20,EMPTY,EMPTY_RETURN,get_weather_features returned {},1,0.0,2026-05-12T06:54:11
2020-02-25,25-02-20,EMPTY,EMPTY_RETURN,get_weather_features returned {},1,0.0,2026-05-12T06:54:11
2020-02-26,26-02-20,EMPTY,EMPTY_RETURN,get_weather_features returned {},1,0.0,2026-05-12T06:54:11
2020-02-27,27-02-20,EMPTY,EMPTY_RETURN,get_weather_features returned {},1,0.0,2026-05-12T06:54:11
2020-02-28,28-02-20,EMPTY,EMPTY_RETURN,get_weather_features returned {},1,0.0,2026-05-12T06:54:11
2020-03-02,02-03-20,EMPTY,EMPTY_RETURN,get_weather_features returned {},1,0.0,2026-05-12T06:54:11
2020-03-03,03-03-20,EMPTY,EMPTY_RETURN,get_weather_features returned {},1,0.0,2026-05-12T06:54:11
2020-03-04,04-03-20,EMPTY,EMPTY_RETURN,get_weather_features returned {},1,0.0,2026-05-12T06:54:11
2020-03-05,05-03-20,EMPTY,EMPTY_RETURN,get_weather_features returned {},1,0.0,2026-05-12T06:54:11
2020-03-06,06-03-20,EMPTY,EMPTY_RETURN,get_weather_features returned {},1,0.0,2026-05-12T06:54:11
2020-04-17,17-04-20,EMPTY,EMPTY_RETURN,get_weather_features returned {},1,0.0,2026-05-12T06:54:13
2020-11-01,01-11-20,EMPTY,EMPTY_RETURN,get_weather_features returned {},1,0.0,2026-05-12T06:54:18
2020-11-06,06-11-20,EMPTY,EMPTY_RETURN,get_weather_features returned {},1,0.0,2026-05-12T06:54:19
2020-11-11,11-11-20,EMPTY,EMPTY_RETURN,get_weather_features returned {},1,0.0,2026-05-12T06:54:19
2020-11-12,12-11-20,EMPTY,EMPTY_RETURN,get_weather_features returned {},1,0.0,2026-05-12T06:54:19
2020-11-15,15-11-20,EMPTY,EMPTY_RETURN,get_weather_features returned {},1,0.0,2026-05-12T06:54:19
2020-11-17,17-11-20,EMPTY,EMPTY_RETURN,get_weather_features returned {},1,0.0,2026-05-12T06:54:19
2020-11-19,19-11-20,EMPTY,EMPTY_RETURN,get_weather_features returned {},1,0.0,2026-05-12T06:54:19
2020-11-21,21-11-20,EMPTY,EMPTY_RETURN,get_weather_features returned {},1,0.0,2026-05-12T06:54:19
2020-11-22,22-11-20,EMPTY,EMPTY_RETURN,get_weather_features returned {},1,0.0,2026-05-12T06:54:19
2020-11-24,24-11-20,EMPTY,EMPTY_RETURN,get_weather_features returned {},1,0.0,2026-05-12T06:54:19
2020-11-25,25-11-20,EMPTY,EMPTY_RETURN,get_weather_features returned {},1,0.0,2026-05-12T06:54:19
2020-11-29,29-11-20,EMPTY,EMPTY_RETURN,get_weather_features returned {},1,0.0,2026-05-12T06:54:19
2020-11-30,30-11-20,EMPTY,EMPTY_RETURN,get_weather_features returned {},1,0.0,2026-05-12T06:54:19
2020-12-03,03-12-20,EMPTY,EMPTY_RETURN,get_weather_features returned {},1,0.0,2026-05-12T06:54:19
2020-12-04,04-12-20,EMPTY,EMPTY_RETURN,get_weather_features returned {},1,0.0,2026-05-12T06:54:19
2020-12-07,07-12-20,EMPTY,EMPTY_RETURN,get_weather_features returned {},1,0.0,2026-05-12T06:54:19
2020-12-08,08-12-20,EMPTY,EMPTY_RETURN,get_weather_features returned {},1,0.0,2026-05-12T06:54:19
2020-12-09,09-12-20,EMPTY,EMPTY_RETURN,get_weather_features returned {},1,0.0,2026-05-12T06:54:20
2020-12-12,12-12-20,EMPTY,EMPTY_RETURN,get_weather_features returned {},1,0.0,2026-05-12T06:54:20
2020-12-15,15-12-20,EMPTY,EMPTY_RETURN,get_weather_features returned {},1,0.0,2026-05-12T06:54:20
2020-12-16,16-12-20,EMPTY,EMPTY_RETURN,get_weather_features returned {},1,0.0,2026-05-12T06:54:20
2020-12-17,17-12-20,EMPTY,EMPTY_RETURN,get_weather_features returned {},1,0.0,2026-05-12T06:54:20
2020-12-18,18-12-20,EMPTY,EMPTY_RETURN,get_weather_features returned {},1,0.0,2026-05-12T06:54:20
2020-12-19,19-12-20,EMPTY,EMPTY_RETURN,get_weather_features returned {},1,0.0,2026-05-12T06:54:20
2020-12-20,20-12-20,EMPTY,EMPTY_RETURN,get_weather_features returned {},1,0.0,2026-05-12T06:54:20
2020-12-21,21-12-20,EMPTY,EMPTY_RETURN,get_weather_features returned {},1,0.0,2026-05-12T06:54:20
2020-12-22,22-12-20,EMPTY,EMPTY_RETURN,get_weather_features returned {},1,0.0,2026-05-12T06:54:20
2020-12-23,23-12-20,EMPTY,EMPTY_RETURN,get_weather_features returned {},1,0.0,2026-05-12T06:54:20
2020-12-24,24-12-20,EMPTY,EMPTY_RETURN,get_weather_features returned {},1,0.0,2026-05-12T06:54:20
2020-12-25,25-12-20,EMPTY,EMPTY_RETURN,get_weather_features returned {},1,0.0,2026-05-12T06:54:20
2020-12-30,30-12-20,EMPTY,EMPTY_RETURN,get_weather_features returned {},1,0.0,2026-05-12T06:54:20
2021-01-01,01-01-21,EMPTY,EMPTY_RETURN,get_weather_features returned {},1,0.0,2026-05-12T06:54:20
2021-01-02,02-01-21,EMPTY,EMPTY_RETURN,get_weather_features returned {},1,0.0,2026-05-12T06:54:20
2021-01-03,03-01-21,EMPTY,EMPTY_RETURN,get_weather_features returned {},1,0.0,2026-05-12T06:54:20
2021-01-04,04-01-21,EMPTY,EMPTY_RETURN,get_weather_features returned {},1,0.0,2026-05-12T06:54:20
2021-01-05,05-01-21,EMPTY,EMPTY_RETURN,get_weather_features returned {},1,0.0,2026-05-12T06:54:20
2021-01-08,08-01-21,EMPTY,EMPTY_RETURN,get_weather_features returned {},1,0.0,2026-05-12T06:54:20
2021-01-13,13-01-21,EMPTY,EMPTY_RETURN,get_weather_features returned {},1,0.0,2026-05-12T06:54:21
2021-01-14,14-01-21,EMPTY,EMPTY_RETURN,get_weather_features returned {},1,0.0,2026-05-12T06:54:21
2021-01-15,15-01-21,EMPTY,EMPTY_RETURN,get_weather_features returned {},1,0.0,2026-05-12T06:54:21
2021-01-17,17-01-21,EMPTY,EMPTY_RETURN,get_weather_features returned {},1,0.0,2026-05-12T06:54:21
2021-01-18,18-01-21,EMPTY,EMPTY_RETURN,get_weather_features returned {},1,0.0,2026-05-12T06:54:21
2021-01-20,20-01-21,EMPTY,EMPTY_RETURN,get_weather_features returned {},1,0.0,2026-05-12T06:54:21
2021-01-21,21-01-21,EMPTY,EMPTY_RETURN,get_weather_features returned {},1,0.0,2026-05-12T06:54:21
2021-01-22,22-01-21,EMPTY,EMPTY_RETURN,get_weather_features returned {},1,0.0,2026-05-12T06:54:21
2021-01-23,23-01-21,EMPTY,EMPTY_RETURN,get_weather_features returned {},1,0.0,2026-05-12T06:54:21
2021-01-24,24-01-21,EMPTY,EMPTY_RETURN,get_weather_features returned {},1,0.0,2026-05-12T06:54:21
2021-01-25,25-01-21,EMPTY,EMPTY_RETURN,get_weather_features returned {},1,0.0,2026-05-12T06:54:21
2021-01-26,26-01-21,EMPTY,EMPTY_RETURN,get_weather_features returned {},1,0.0,2026-05-12T06:54:21
2021-01-27,27-01-21,EMPTY,EMPTY_RETURN,get_weather_features returned {},1,0.0,2026-05-12T06:54:21
2021-01-31,31-01-21,EMPTY,EMPTY_RETURN,get_weather_features returned {},1,0.0,2026-05-12T06:54:21
2021-02-01,01-02-21,EMPTY,EMPTY_RETURN,get_weather_features returned {},1,0.0,2026-05-12T06:54:21
2021-02-02,02-02-21,EMPTY,EMPTY_RETURN,get_weather_features returned {},1,0.0,2026-05-12T06:54:21
2021-02-04,04-02-21,EMPTY,EMPTY_RETURN,get_weather_features returned {},1,0.0,2026-05-12T06:54:21
2021-02-06,06-02-21,EMPTY,EMPTY_RETURN,get_weather_features returned {},1,0.0,2026-05-12T06:54:21
2021-02-08,08-02-21,EMPTY,EMPTY_RETURN,get_weather_features returned {},1,0.0,2026-05-12T06:54:21
2021-02-10,10-02-21,EMPTY,EMPTY_RETURN,get_weather_features returned {},1,0.0,2026-05-12T06:54:21
2021-02-11,11-02-21,EMPTY,EMPTY_RETURN,get_weather_features returned {},1,0.0,2026-05-12T06:54:21
2021-02-12,12-02-21,EMPTY,EMPTY_RETURN,get_weather_features returned {},1,0.0,2026-05-12T06:54:21
2021-02-13,13-02-21,EMPTY,EMPTY_RETURN,get_weather_features returned {},1,0.0,2026-05-12T06:54:21
2021-02-14,14-02-21,EMPTY,EMPTY_RETURN,get_weather_features returned {},1,0.0,2026-05-12T06:54:21
2021-02-15,15-02-21,EMPTY,EMPTY_RETURN,get_weather_features returned {},1,0.0,2026-05-12T06:54:22
2021-02-16,16-02-21,EMPTY,EMPTY_RETURN,get_weather_features returned {},1,0.0,2026-05-12T06:54:22
2021-02-17,17-02-21,EMPTY,EMPTY_RETURN,get_weather_features returned {},1,0.0,2026-05-12T06:54:22
2021-02-18,18-02-21,EMPTY,EMPTY_RETURN,get_weather_features returned {},1,0.0,2026-05-12T06:54:22
2021-02-19,19-02-21,EMPTY,EMPTY_RETURN,get_weather_features returned {},1,0.0,2026-05-12T06:54:22
2021-02-20,20-02-21,EMPTY,EMPTY_RETURN,get_weather_features returned {},1,0.0,2026-05-12T06:54:22
2021-02-21,21-02-21,EMPTY,EMPTY_RETURN,get_weather_features returned {},1,0.0,2026-05-12T06:54:22
2021-02-22,22-02-21,EMPTY,EMPTY_RETURN,get_weather_features returned {},1,0.0,2026-05-12T06:54:22
2021-02-24,24-02-21,EMPTY,EMPTY_RETURN,get_weather_features returned {},1,0.0,2026-05-12T06:54:22
2021-02-26,26-02-21,EMPTY,EMPTY_RETURN,get_weather_features returned {},1,0.0,2026-05-12T06:54:22
2021-02-27,27-02-21,EMPTY,EMPTY_RETURN,get_weather_features returned {},1,0.0,2026-05-12T06:54:22
2021-02-28,28-02-21,EMPTY,EMPTY_RETURN,get_weather_features returned {},1,0.0,2026-05-12T06:54:22
2021-03-03,03-03-21,EMPTY,EMPTY_RETURN,get_weather_features returned {},1,0.0,2026-05-12T06:54:22
2021-03-06,06-03-21,EMPTY,EMPTY_RETURN,get_weather_features returned {},1,0.0,2026-05-12T06:54:22
2021-03-10,10-03-21,EMPTY,EMPTY_RETURN,get_weather_features returned {},1,0.0,2026-05-12T06:54:22
2021-05-10,10-05-21,EMPTY,EMPTY_RETURN,get_weather_features returned {},1,0.0,2026-05-12T06:54:24
2021-09-01,01-09-21,EMPTY,EMPTY_RETURN,get_weather_features returned {},1,0.0,2026-05-12T06:54:28
2021-09-02,02-09-21,EMPTY,EMPTY_RETURN,get_weather_features returned {},1,0.0,2026-05-12T06:54:28
2021-09-03,03-09-21,EMPTY,EMPTY_RETURN,get_weather_features returned {},1,0.0,2026-05-12T06:54:28
2021-11-07,07-11-21,EMPTY,EMPTY_RETURN,get_weather_features returned {},1,0.0,2026-05-12T06:54:30
2021-11-09,09-11-21,EMPTY,EMPTY_RETURN,get_weather_features returned {},1,0.0,2026-05-12T06:54:30
2021-11-11,11-11-21,EMPTY,EMPTY_RETURN,get_weather_features returned {},1,0.0,2026-05-12T06:54:30
2021-11-14,14-11-21,EMPTY,EMPTY_RETURN,get_weather_features returned {},1,0.0,2026-05-12T06:54:30
2021-11-18,18-11-21,EMPTY,EMPTY_RETURN,get_weather_features returned {},1,0.0,2026-05-12T06:54:30
2021-11-20,20-11-21,EMPTY,EMPTY_RETURN,get_weather_features returned {},1,0.0,2026-05-12T06:54:30
2021-11-21,21-11-21,EMPTY,EMPTY_RETURN,get_weather_features returned {},1,0.0,2026-05-12T06:54:30
2021-11-22,22-11-21,EMPTY,EMPTY_RETURN,get_weather_features returned {},1,0.0,2026-05-12T06:54:30
2021-11-24,24-11-21,EMPTY,EMPTY_RETURN,get_weather_features returned {},1,0.0,2026-05-12T06:54:30
2021-11-25,25-11-21,EMPTY,EMPTY_RETURN,get_weather_features returned {},1,0.0,2026-05-12T06:54:30
2021-11-26,26-11-21,EMPTY,EMPTY_RETURN,get_weather_features returned {},1,0.0,2026-05-12T06:54:30
2021-11-27,27-11-21,EMPTY,EMPTY_RETURN,get_weather_features returned {},1,0.0,2026-05-12T06:54:30
2021-11-28,28-11-21,EMPTY,EMPTY_RETURN,get_weather_features returned {},1,0.0,2026-05-12T06:54:30
2021-11-30,30-11-21,EMPTY,EMPTY_RETURN,get_weather_features returned {},1,0.0,2026-05-12T06:54:30
2021-12-01,01-12-21,EMPTY,EMPTY_RETURN,get_weather_features returned {},1,0.0,2026-05-12T06:54:31
2021-12-02,02-12-21,EMPTY,EMPTY_RETURN,get_weather_features returned {},1,0.0,2026-05-12T06:54:31
2021-12-05,05-12-21,EMPTY,EMPTY_RETURN,get_weather_features returned {},1,0.0,2026-05-12T06:54:31
2021-12-06,06-12-21,EMPTY,EMPTY_RETURN,get_weather_features returned {},1,0.0,2026-05-12T06:54:31
2021-12-07,07-12-21,EMPTY,EMPTY_RETURN,get_weather_features returned {},1,0.0,2026-05-12T06:54:31
2021-12-08,08-12-21,EMPTY,EMPTY_RETURN,get_weather_features returned {},1,0.0,2026-05-12T06:54:31
2021-12-09,09-12-21,EMPTY,EMPTY_RETURN,get_weather_features returned {},1,0.0,2026-05-12T06:54:31
2021-12-10,10-12-21,EMPTY,EMPTY_RETURN,get_weather_features returned {},1,0.0,2026-05-12T06:54:31
2021-12-11,11-12-21,EMPTY,EMPTY_RETURN,get_weather_features returned {},1,0.0,2026-05-12T06:54:31
2021-12-14,14-12-21,EMPTY,EMPTY_RETURN,get_weather_features returned {},1,0.0,2026-05-12T06:54:31
2021-12-15,15-12-21,EMPTY,EMPTY_RETURN,get_weather_features returned {},1,0.0,2026-05-12T06:54:31
2021-12-16,16-12-21,EMPTY,EMPTY_RETURN,get_weather_features returned {},1,0.0,2026-05-12T06:54:31
2021-12-17,17-12-21,EMPTY,EMPTY_RETURN,get_weather_features returned {},1,0.0,2026-05-12T06:54:31
2021-12-18,18-12-21,EMPTY,EMPTY_RETURN,get_weather_features returned {},1,0.0,2026-05-12T06:54:31
2021-12-21,21-12-21,EMPTY,EMPTY_RETURN,get_weather_features returned {},1,0.0,2026-05-12T06:54:31
2021-12-23,23-12-21,EMPTY,EMPTY_RETURN,get_weather_features returned {},1,0.0,2026-05-12T06:54:31
2021-12-24,24-12-21,EMPTY,EMPTY_RETURN,get_weather_features returned {},1,0.0,2026-05-12T06:54:31
2021-12-25,25-12-21,EMPTY,EMPTY_RETURN,get_weather_features returned {},1,0.0,2026-05-12T06:54:31
2021-12-27,27-12-21,EMPTY,EMPTY_RETURN,get_weather_features returned {},1,0.0,2026-05-12T06:54:31
2021-12-28,28-12-21,EMPTY,EMPTY_RETURN,get_weather_features returned {},1,0.0,2026-05-12T06:54:31
2021-12-29,29-12-21,EMPTY,EMPTY_RETURN,get_weather_features returned {},1,0.0,2026-05-12T06:54:31
2021-12-30,30-12-21,EMPTY,EMPTY_RETURN,get_weather_features returned {},1,0.0,2026-05-12T06:54:31
2021-12-31,31-12-21,EMPTY,EMPTY_RETURN,get_weather_features returned {},1,0.0,2026-05-12T06:54:31
2022-01-01,01-01-22,EMPTY,EMPTY_RETURN,get_weather_features returned {},1,0.0,2026-05-12T06:54:31
2022-01-02,02-01-22,EMPTY,EMPTY_RETURN,get_weather_features returned {},1,0.0,2026-05-12T06:54:31
2022-01-05,05-01-22,EMPTY,EMPTY_RETURN,get_weather_features returned {},1,0.0,2026-05-12T06:54:32
2022-01-06,06-01-22,EMPTY,EMPTY_RETURN,get_weather_features returned {},1,0.0,2026-05-12T06:54:32
2022-01-09,09-01-22,EMPTY,EMPTY_RETURN,get_weather_features returned {},1,0.0,2026-05-12T06:54:32
2022-01-13,13-01-22,EMPTY,EMPTY_RETURN,get_weather_features returned {},1,0.0,2026-05-12T06:54:32
2022-01-16,16-01-22,EMPTY,EMPTY_RETURN,get_weather_features returned {},1,0.0,2026-05-12T06:54:32
2022-01-17,17-01-22,EMPTY,EMPTY_RETURN,get_weather_features returned {},1,0.0,2026-05-12T06:54:32
2022-01-19,19-01-22,EMPTY,EMPTY_RETURN,get_weather_features returned {},1,0.0,2026-05-12T06:54:32
2022-01-21,21-01-22,EMPTY,EMPTY_RETURN,get_weather_features returned {},1,0.0,2026-05-12T06:54:32
2022-01-22,22-01-22,EMPTY,EMPTY_RETURN,get_weather_features returned {},1,0.0,2026-05-12T06:54:32
2022-01-23,23-01-22,EMPTY,EMPTY_RETURN,get_weather_features returned {},1,0.0,2026-05-12T06:54:32
2022-01-24,24-01-22,EMPTY,EMPTY_RETURN,get_weather_features returned {},1,0.0,2026-05-12T06:54:32
2022-01-27,27-01-22,EMPTY,EMPTY_RETURN,get_weather_features returned {},1,0.0,2026-05-12T06:54:32
2022-01-28,28-01-22,EMPTY,EMPTY_RETURN,get_weather_features returned {},1,0.0,2026-05-12T06:54:32
2022-01-29,29-01-22,EMPTY,EMPTY_RETURN,get_weather_features returned {},1,0.0,2026-05-12T06:54:32
2022-01-30,30-01-22,EMPTY,EMPTY_RETURN,get_weather_features returned {},1,0.0,2026-05-12T06:54:32
2022-02-01,01-02-22,EMPTY,EMPTY_RETURN,get_weather_features returned {},1,0.0,2026-05-12T06:54:32
2022-02-02,02-02-22,EMPTY,EMPTY_RETURN,get_weather_features returned {},1,0.0,2026-05-12T06:54:32
2022-02-03,03-02-22,EMPTY,EMPTY_RETURN,get_weather_features returned {},1,0.0,2026-05-12T06:54:32
2022-02-04,04-02-22,EMPTY,EMPTY_RETURN,get_weather_features returned {},1,0.0,2026-05-12T06:54:32
2022-02-06,06-02-22,EMPTY,EMPTY_RETURN,get_weather_features returned {},1,0.0,2026-05-12T06:54:33
2022-02-07,07-02-22,EMPTY,EMPTY_RETURN,get_weather_features returned {},1,0.0,2026-05-12T06:54:33
2022-02-12,12-02-22,EMPTY,EMPTY_RETURN,get_weather_features returned {},1,0.0,2026-05-12T06:54:33
2022-02-13,13-02-22,EMPTY,EMPTY_RETURN,get_weather_features returned {},1,0.0,2026-05-12T06:54:33
2022-02-16,16-02-22,EMPTY,EMPTY_RETURN,get_weather_features returned {},1,0.0,2026-05-12T06:54:33
2022-02-17,17-02-22,EMPTY,EMPTY_RETURN,get_weather_features returned {},1,0.0,2026-05-12T06:54:33
2022-02-22,22-02-22,EMPTY,EMPTY_RETURN,get_weather_features returned {},1,0.0,2026-05-12T06:54:33
2022-02-24,24-02-22,EMPTY,EMPTY_RETURN,get_weather_features returned {},1,0.0,2026-05-12T06:54:33
2022-02-25,25-02-22,EMPTY,EMPTY_RETURN,get_weather_features returned {},1,0.0,2026-05-12T06:54:33
2022-03-01,01-03-22,EMPTY,EMPTY_RETURN,get_weather_features returned {},1,0.0,2026-05-12T06:54:33
2022-03-05,05-03-22,EMPTY,EMPTY_RETURN,get_weather_features returned {},1,0.0,2026-05-12T06:54:33
2022-03-06,06-03-22,EMPTY,EMPTY_RETURN,get_weather_features returned {},1,0.0,2026-05-12T06:54:33
2022-03-07,07-03-22,EMPTY,EMPTY_RETURN,get_weather_features returned {},1,0.0,2026-05-12T06:54:33
2022-03-08,08-03-22,EMPTY,EMPTY_RETURN,get_weather_features returned {},1,0.0,2026-05-12T06:54:33
2022-03-09,09-03-22,EMPTY,EMPTY_RETURN,get_weather_features returned {},1,0.0,2026-05-12T06:54:33
2022-03-10,10-03-22,EMPTY,EMPTY_RETURN,get_weather_features returned {},1,0.0,2026-05-12T06:54:33
2022-03-11,11-03-22,EMPTY,EMPTY_RETURN,get_weather_features returned {},1,0.0,2026-05-12T06:54:33
2022-03-12,12-03-22,EMPTY,EMPTY_RETURN,get_weather_features returned {},1,0.0,2026-05-12T06:54:33
2022-03-17,17-03-22,EMPTY,EMPTY_RETURN,get_weather_features returned {},1,0.0,2026-05-12T06:54:34
2022-05-19,19-05-22,EMPTY,EMPTY_RETURN,get_weather_features returned {},1,0.0,2026-05-12T06:54:35
2022-05-25,25-05-22,EMPTY,EMPTY_RETURN,get_weather_features returned {},1,0.0,2026-05-12T06:54:36
2022-06-04,04-06-22,EMPTY,EMPTY_RETURN,get_weather_features returned {},1,0.0,2026-05-12T06:54:36
2022-07-08,08-07-22,EMPTY,EMPTY_RETURN,get_weather_features returned {},1,0.0,2026-05-12T06:54:37
2022-08-05,05-08-22,EMPTY,EMPTY_RETURN,get_weather_features returned {},1,0.0,2026-05-12T06:54:38
2022-08-17,17-08-22,EMPTY,EMPTY_RETURN,get_weather_features returned {},1,0.0,2026-05-12T06:54:38
2022-10-16,16-10-22,EMPTY,EMPTY_RETURN,get_weather_features returned {},1,0.0,2026-05-12T06:54:40
2022-10-22,22-10-22,EMPTY,EMPTY_RETURN,get_weather_features returned {},1,0.0,2026-05-12T06:54:40
2022-10-23,23-10-22,EMPTY,EMPTY_RETURN,get_weather_features returned {},1,0.0,2026-05-12T06:54:40
2022-10-24,24-10-22,EMPTY,EMPTY_RETURN,get_weather_features returned {},1,0.0,2026-05-12T06:54:40
2022-10-25,25-10-22,EMPTY,EMPTY_RETURN,get_weather_features returned {},1,0.0,2026-05-12T06:54:40
2022-11-06,06-11-22,EMPTY,EMPTY_RETURN,get_weather_features returned {},1,0.0,2026-05-12T06:54:41
2022-11-10,10-11-22,EMPTY,EMPTY_RETURN,get_weather_features returned {},1,0.0,2026-05-12T06:54:41
2022-11-11,11-11-22,EMPTY,EMPTY_RETURN,get_weather_features returned {},1,0.0,2026-05-12T06:54:41
2022-11-12,12-11-22,EMPTY,EMPTY_RETURN,get_weather_features returned {},1,0.0,2026-05-12T06:54:41
2022-11-15,15-11-22,EMPTY,EMPTY_RETURN,get_weather_features returned {},1,0.0,2026-05-12T06:54:41
2022-11-16,16-11-22,EMPTY,EMPTY_RETURN,get_weather_features returned {},1,0.0,2026-05-12T06:54:41
2022-11-17,17-11-22,EMPTY,EMPTY_RETURN,get_weather_features returned {},1,0.0,2026-05-12T06:54:41
2022-11-21,21-11-22,EMPTY,EMPTY_RETURN,get_weather_features returned {},1,0.0,2026-05-12T06:54:41
2022-11-24,24-11-22,EMPTY,EMPTY_RETURN,get_weather_features returned {},1,0.0,2026-05-12T06:54:41
2022-11-25,25-11-22,EMPTY,EMPTY_RETURN,get_weather_features returned {},1,0.0,2026-05-12T06:54:41
2022-11-29,29-11-22,EMPTY,EMPTY_RETURN,get_weather_features returned {},1,0.0,2026-05-12T06:54:41
2022-12-02,02-12-22,EMPTY,EMPTY_RETURN,get_weather_features returned {},1,0.0,2026-05-12T06:54:41
2022-12-05,05-12-22,EMPTY,EMPTY_RETURN,get_weather_features returned {},1,0.0,2026-05-12T06:54:41
2022-12-06,06-12-22,EMPTY,EMPTY_RETURN,get_weather_features returned {},1,0.0,2026-05-12T06:54:41
2022-12-08,08-12-22,EMPTY,EMPTY_RETURN,get_weather_features returned {},1,0.0,2026-05-12T06:54:41
2022-12-10,10-12-22,EMPTY,EMPTY_RETURN,get_weather_features returned {},1,0.0,2026-05-12T06:54:42
2022-12-11,11-12-22,EMPTY,EMPTY_RETURN,get_weather_features returned {},1,0.0,2026-05-12T06:54:42
2022-12-14,14-12-22,EMPTY,EMPTY_RETURN,get_weather_features returned {},1,0.0,2026-05-12T06:54:42
2022-12-15,15-12-22,EMPTY,EMPTY_RETURN,get_weather_features returned {},1,0.0,2026-05-12T06:54:42
2022-12-16,16-12-22,EMPTY,EMPTY_RETURN,get_weather_features returned {},1,0.0,2026-05-12T06:54:42
2022-12-21,21-12-22,EMPTY,EMPTY_RETURN,get_weather_features returned {},1,0.0,2026-05-12T06:54:42
2022-12-22,22-12-22,EMPTY,EMPTY_RETURN,get_weather_features returned {},1,0.0,2026-05-12T06:54:42
2022-12-23,23-12-22,EMPTY,EMPTY_RETURN,get_weather_features returned {},1,0.0,2026-05-12T06:54:42
2022-12-26,26-12-22,EMPTY,EMPTY_RETURN,get_weather_features returned {},1,0.0,2026-05-12T06:54:42
2022-12-27,27-12-22,EMPTY,EMPTY_RETURN,get_weather_features returned {},1,0.0,2026-05-12T06:54:42
2022-12-28,28-12-22,EMPTY,EMPTY_RETURN,get_weather_features returned {},1,0.0,2026-05-12T06:54:42
2022-12-30,30-12-22,EMPTY,EMPTY_RETURN,get_weather_features returned {},1,0.0,2026-05-12T06:54:42
2022-12-31,31-12-22,EMPTY,EMPTY_RETURN,get_weather_features returned {},1,0.0,2026-05-12T06:54:42
2023-01-01,01-01-23,EMPTY,EMPTY_RETURN,get_weather_features returned {},1,0.0,2026-05-12T06:54:42
2023-01-02,02-01-23,EMPTY,EMPTY_RETURN,get_weather_features returned {},1,0.0,2026-05-12T06:54:42
2023-01-03,03-01-23,EMPTY,EMPTY_RETURN,get_weather_features returned {},1,0.0,2026-05-12T06:54:42
2023-01-04,04-01-23,EMPTY,EMPTY_RETURN,get_weather_features returned {},1,0.0,2026-05-12T06:54:42
2023-01-05,05-01-23,EMPTY,EMPTY_RETURN,get_weather_features returned {},1,0.0,2026-05-12T06:54:42
2023-01-08,08-01-23,EMPTY,EMPTY_RETURN,get_weather_features returned {},1,0.0,2026-05-12T06:54:42
2023-01-10,10-01-23,EMPTY,EMPTY_RETURN,get_weather_features returned {},1,0.0,2026-05-12T06:54:42
2023-01-11,11-01-23,EMPTY,EMPTY_RETURN,get_weather_features returned {},1,0.0,2026-05-12T06:54:42
2023-01-12,12-01-23,EMPTY,EMPTY_RETURN,get_weather_features returned {},1,0.0,2026-05-12T06:54:42
2023-01-13,13-01-23,EMPTY,EMPTY_RETURN,get_weather_features returned {},1,0.0,2026-05-12T06:54:42
2023-01-14,14-01-23,EMPTY,EMPTY_RETURN,get_weather_features returned {},1,0.0,2026-05-12T06:54:43
2023-01-19,19-01-23,EMPTY,EMPTY_RETURN,get_weather_features returned {},1,0.0,2026-05-12T06:54:43
2023-01-20,20-01-23,EMPTY,EMPTY_RETURN,get_weather_features returned {},1,0.0,2026-05-12T06:54:43
2023-01-21,21-01-23,EMPTY,EMPTY_RETURN,get_weather_features returned {},1,0.0,2026-05-12T06:54:43
2023-01-22,22-01-23,EMPTY,EMPTY_RETURN,get_weather_features returned {},1,0.0,2026-05-12T06:54:43
2023-01-23,23-01-23,EMPTY,EMPTY_RETURN,get_weather_features returned {},1,0.0,2026-05-12T06:54:43
2023-01-25,25-01-23,EMPTY,EMPTY_RETURN,get_weather_features returned {},1,0.0,2026-05-12T06:54:43
2023-01-26,26-01-23,EMPTY,EMPTY_RETURN,get_weather_features returned {},1,0.0,2026-05-12T06:54:43
2023-01-28,28-01-23,EMPTY,EMPTY_RETURN,get_weather_features returned {},1,0.0,2026-05-12T06:54:43
2023-01-29,29-01-23,EMPTY,EMPTY_RETURN,get_weather_features returned {},1,0.0,2026-05-12T06:54:43
2023-01-31,31-01-23,EMPTY,EMPTY_RETURN,get_weather_features returned {},1,0.0,2026-05-12T06:54:43
2023-02-01,01-02-23,EMPTY,EMPTY_RETURN,get_weather_features returned {},1,0.0,2026-05-12T06:54:43
2023-02-02,02-02-23,EMPTY,EMPTY_RETURN,get_weather_features returned {},1,0.0,2026-05-12T06:54:43
2023-02-05,05-02-23,EMPTY,EMPTY_RETURN,get_weather_features returned {},1,0.0,2026-05-12T06:54:43
2023-02-07,07-02-23,EMPTY,EMPTY_RETURN,get_weather_features returned {},1,0.0,2026-05-12T06:54:43
2023-02-08,08-02-23,EMPTY,EMPTY_RETURN,get_weather_features returned {},1,0.0,2026-05-12T06:54:43
2023-02-09,09-02-23,EMPTY,EMPTY_RETURN,get_weather_features returned {},1,0.0,2026-05-12T06:54:43
2023-02-11,11-02-23,EMPTY,EMPTY_RETURN,get_weather_features returned {},1,0.0,2026-05-12T06:54:43
2023-02-12,12-02-23,EMPTY,EMPTY_RETURN,get_weather_features returned {},1,0.0,2026-05-12T06:54:43
2023-02-14,14-02-23,EMPTY,EMPTY_RETURN,get_weather_features returned {},1,0.0,2026-05-12T06:54:43
2023-02-16,16-02-23,EMPTY,EMPTY_RETURN,get_weather_features returned {},1,0.0,2026-05-12T06:54:43
2023-02-20,20-02-23,EMPTY,EMPTY_RETURN,get_weather_features returned {},1,0.0,2026-05-12T06:54:44
2023-02-22,22-02-23,EMPTY,EMPTY_RETURN,get_weather_features returned {},1,0.0,2026-05-12T06:54:44
2023-02-23,23-02-23,EMPTY,EMPTY_RETURN,get_weather_features returned {},1,0.0,2026-05-12T06:54:44
2023-02-27,27-02-23,EMPTY,EMPTY_RETURN,get_weather_features returned {},1,0.0,2026-05-12T06:54:44
2023-03-01,01-03-23,EMPTY,EMPTY_RETURN,get_weather_features returned {},1,0.0,2026-05-12T06:54:44
2023-03-02,02-03-23,EMPTY,EMPTY_RETURN,get_weather_features returned {},1,0.0,2026-05-12T06:54:44
2023-03-03,03-03-23,EMPTY,EMPTY_RETURN,get_weather_features returned {},1,0.0,2026-05-12T06:54:44
2023-03-04,04-03-23,EMPTY,EMPTY_RETURN,get_weather_features returned {},1,0.0,2026-05-12T06:54:44
2023-03-05,05-03-23,EMPTY,EMPTY_RETURN,get_weather_features returned {},1,0.0,2026-05-12T06:54:44
2023-03-06,06-03-23,EMPTY,EMPTY_RETURN,get_weather_features returned {},1,0.0,2026-05-12T06:54:44
2023-03-07,07-03-23,EMPTY,EMPTY_RETURN,get_weather_features returned {},1,0.0,2026-05-12T06:54:44
2023-03-10,10-03-23,EMPTY,EMPTY_RETURN,get_weather_features returned {},1,0.0,2026-05-12T06:54:44
2023-03-11,11-03-23,EMPTY,EMPTY_RETURN,get_weather_features returned {},1,0.0,2026-05-12T06:54:44
2023-04-05,05-04-23,EMPTY,EMPTY_RETURN,get_weather_features returned {},1,0.0,2026-05-12T06:54:46
2023-05-20,20-05-23,EMPTY,EMPTY_RETURN,get_weather_features returned {},1,0.0,2026-05-12T06:54:47
2023-07-28,28-07-23,EMPTY,EMPTY_RETURN,get_weather_features returned {},1,0.0,2026-05-12T06:54:49
2023-09-05,05-09-23,EMPTY,EMPTY_RETURN,get_weather_features returned {},1,0.0,2026-05-12T06:54:50
2023-11-06,06-11-23,EMPTY,EMPTY_RETURN,get_weather_features returned {},1,0.0,2026-05-12T06:54:52
2023-11-08,08-11-23,EMPTY,EMPTY_RETURN,get_weather_features returned {},1,0.0,2026-05-12T06:54:52
2023-11-15,15-11-23,EMPTY,EMPTY_RETURN,get_weather_features returned {},1,0.0,2026-05-12T06:54:52
2023-11-17,17-11-23,EMPTY,EMPTY_RETURN,get_weather_features returned {},1,0.0,2026-05-12T06:54:52
2023-11-20,20-11-23,EMPTY,EMPTY_RETURN,get_weather_features returned {},1,0.0,2026-05-12T06:54:52
2023-11-21,21-11-23,EMPTY,EMPTY_RETURN,get_weather_features returned {},1,0.0,2026-05-12T06:54:52
2023-11-22,22-11-23,EMPTY,EMPTY_RETURN,get_weather_features returned {},1,0.0,2026-05-12T06:54:52
2023-11-24,24-11-23,EMPTY,EMPTY_RETURN,get_weather_features returned {},1,0.0,2026-05-12T06:54:52
2023-11-26,26-11-23,EMPTY,EMPTY_RETURN,get_weather_features returned {},1,0.0,2026-05-12T06:54:52
2023-11-29,29-11-23,EMPTY,EMPTY_RETURN,get_weather_features returned {},1,0.0,2026-05-12T06:54:53
2023-12-01,01-12-23,EMPTY,EMPTY_RETURN,get_weather_features returned {},1,0.0,2026-05-12T06:54:53
2023-12-02,02-12-23,EMPTY,EMPTY_RETURN,get_weather_features returned {},1,0.0,2026-05-12T06:54:53
2023-12-03,03-12-23,EMPTY,EMPTY_RETURN,get_weather_features returned {},1,0.0,2026-05-12T06:54:53
2023-12-05,05-12-23,EMPTY,EMPTY_RETURN,get_weather_features returned {},1,0.0,2026-05-12T06:54:53
2023-12-09,09-12-23,EMPTY,EMPTY_RETURN,get_weather_features returned {},1,0.0,2026-05-12T06:54:53
2023-12-10,10-12-23,EMPTY,EMPTY_RETURN,get_weather_features returned {},1,0.0,2026-05-12T06:54:53
2023-12-16,16-12-23,EMPTY,EMPTY_RETURN,get_weather_features returned {},1,0.0,2026-05-12T06:54:53
2023-12-17,17-12-23,EMPTY,EMPTY_RETURN,get_weather_features returned {},1,0.0,2026-05-12T06:54:53
2023-12-19,19-12-23,EMPTY,EMPTY_RETURN,get_weather_features returned {},1,0.0,2026-05-12T06:54:53
2023-12-23,23-12-23,EMPTY,EMPTY_RETURN,get_weather_features returned {},1,0.0,2026-05-12T06:54:53
2023-12-24,24-12-23,EMPTY,EMPTY_RETURN,get_weather_features returned {},1,0.0,2026-05-12T06:54:53
2023-12-25,25-12-23,EMPTY,EMPTY_RETURN,get_weather_features returned {},1,0.0,2026-05-12T06:54:53
2023-12-26,26-12-23,EMPTY,EMPTY_RETURN,get_weather_features returned {},1,0.0,2026-05-12T06:54:53
2023-12-27,27-12-23,EMPTY,EMPTY_RETURN,get_weather_features returned {},1,0.0,2026-05-12T06:54:53
2023-12-28,28-12-23,EMPTY,EMPTY_RETURN,get_weather_features returned {},1,0.0,2026-05-12T06:54:53
2023-12-29,29-12-23,EMPTY,EMPTY_RETURN,get_weather_features returned {},1,0.0,2026-05-12T06:54:53
2023-12-30,30-12-23,EMPTY,EMPTY_RETURN,get_weather_features returned {},1,0.0,2026-05-12T06:54:53
2023-12-31,31-12-23,EMPTY,EMPTY_RETURN,get_weather_features returned {},1,0.0,2026-05-12T06:54:53
2024-01-03,03-01-24,EMPTY,EMPTY_RETURN,get_weather_features returned {},1,0.0,2026-05-12T06:54:54
2024-01-06,06-01-24,EMPTY,EMPTY_RETURN,get_weather_features returned {},1,0.0,2026-05-12T06:54:54
2024-01-07,07-01-24,EMPTY,EMPTY_RETURN,get_weather_features returned {},1,0.0,2026-05-12T06:54:54
2024-01-09,09-01-24,EMPTY,EMPTY_RETURN,get_weather_features returned {},1,0.0,2026-05-12T06:54:54
2024-01-10,10-01-24,EMPTY,EMPTY_RETURN,get_weather_features returned {},1,0.0,2026-05-12T06:54:54
2024-01-11,11-01-24,EMPTY,EMPTY_RETURN,get_weather_features returned {},1,0.0,2026-05-12T06:54:54
2024-01-12,12-01-24,EMPTY,EMPTY_RETURN,get_weather_features returned {},1,0.0,2026-05-12T06:54:54
2024-01-13,13-01-24,EMPTY,EMPTY_RETURN,get_weather_features returned {},1,0.0,2026-05-12T06:54:54
2024-01-15,15-01-24,EMPTY,EMPTY_RETURN,get_weather_features returned {},1,0.0,2026-05-12T06:54:54
2024-01-18,18-01-24,EMPTY,EMPTY_RETURN,get_weather_features returned {},1,0.0,2026-05-12T06:54:54
2024-01-19,19-01-24,EMPTY,EMPTY_RETURN,get_weather_features returned {},1,0.0,2026-05-12T06:54:54
2024-01-20,20-01-24,EMPTY,EMPTY_RETURN,get_weather_features returned {},1,0.0,2026-05-12T06:54:54
2024-01-22,22-01-24,EMPTY,EMPTY_RETURN,get_weather_features returned {},1,0.0,2026-05-12T06:54:54
2024-01-23,23-01-24,EMPTY,EMPTY_RETURN,get_weather_features returned {},1,0.0,2026-05-12T06:54:54
2024-01-24,24-01-24,EMPTY,EMPTY_RETURN,get_weather_features returned {},1,0.0,2026-05-12T06:54:54
2024-01-25,25-01-24,EMPTY,EMPTY_RETURN,get_weather_features returned {},1,0.0,2026-05-12T06:54:54
2024-01-26,26-01-24,EMPTY,EMPTY_RETURN,get_weather_features returned {},1,0.0,2026-05-12T06:54:54
2024-01-27,27-01-24,EMPTY,EMPTY_RETURN,get_weather_features returned {},1,0.0,2026-05-12T06:54:54
2024-01-28,28-01-24,EMPTY,EMPTY_RETURN,get_weather_features returned {},1,0.0,2026-05-12T06:54:54
2024-01-29,29-01-24,EMPTY,EMPTY_RETURN,get_weather_features returned {},1,0.0,2026-05-12T06:54:54
2024-01-30,30-01-24,EMPTY,EMPTY_RETURN,get_weather_features returned {},1,0.0,2026-05-12T06:54:54
2024-01-31,31-01-24,EMPTY,EMPTY_RETURN,get_weather_features returned {},1,0.0,2026-05-12T06:54:54
2024-02-01,01-02-24,EMPTY,EMPTY_RETURN,get_weather_features returned {},1,0.0,2026-05-12T06:54:54
2024-02-03,03-02-24,EMPTY,EMPTY_RETURN,get_weather_features returned {},1,0.0,2026-05-12T06:54:55
2024-02-08,08-02-24,EMPTY,EMPTY_RETURN,get_weather_features returned {},1,0.0,2026-05-12T06:54:55
2024-02-09,09-02-24,EMPTY,EMPTY_RETURN,get_weather_features returned {},1,0.0,2026-05-12T06:54:55
2024-02-10,10-02-24,EMPTY,EMPTY_RETURN,get_weather_features returned {},1,0.0,2026-05-12T06:54:55
2024-02-11,11-02-24,EMPTY,EMPTY_RETURN,get_weather_features returned {},1,0.0,2026-05-12T06:54:55
2024-02-12,12-02-24,EMPTY,EMPTY_RETURN,get_weather_features returned {},1,0.0,2026-05-12T06:54:55
2024-02-13,13-02-24,EMPTY,EMPTY_RETURN,get_weather_features returned {},1,0.0,2026-05-12T06:54:55
2024-02-15,15-02-24,EMPTY,EMPTY_RETURN,get_weather_features returned {},1,0.0,2026-05-12T06:54:55
2024-02-16,16-02-24,EMPTY,EMPTY_RETURN,get_weather_features returned {},1,0.0,2026-05-12T06:54:55
2024-02-21,21-02-24,EMPTY,EMPTY_RETURN,get_weather_features returned {},1,0.0,2026-05-12T06:54:55
2024-02-22,22-02-24,EMPTY,EMPTY_RETURN,get_weather_features returned {},1,0.0,2026-05-12T06:54:55
2024-02-23,23-02-24,EMPTY,EMPTY_RETURN,get_weather_features returned {},1,0.0,2026-05-12T06:54:55
2024-02-26,26-02-24,EMPTY,EMPTY_RETURN,get_weather_features returned {},1,0.0,2026-05-12T06:54:55
2024-02-27,27-02-24,EMPTY,EMPTY_RETURN,get_weather_features returned {},1,0.0,2026-05-12T06:54:55
2024-02-28,28-02-24,EMPTY,EMPTY_RETURN,get_weather_features returned {},1,0.0,2026-05-12T06:54:55
2024-03-01,01-03-24,EMPTY,EMPTY_RETURN,get_weather_features returned {},1,0.0,2026-05-12T06:54:55
2024-03-02,02-03-24,EMPTY,EMPTY_RETURN,get_weather_features returned {},1,0.0,2026-05-12T06:54:55
2024-03-03,03-03-24,EMPTY,EMPTY_RETURN,get_weather_features returned {},1,0.0,2026-05-12T06:54:55
2024-03-04,04-03-24,EMPTY,EMPTY_RETURN,get_weather_features returned {},1,0.0,2026-05-12T06:54:55
2024-03-05,05-03-24,EMPTY,EMPTY_RETURN,get_weather_features returned {},1,0.0,2026-05-12T06:54:55
2024-03-06,06-03-24,EMPTY,EMPTY_RETURN,get_weather_features returned {},1,0.0,2026-05-12T06:54:55
2024-03-08,08-03-24,EMPTY,EMPTY_RETURN,get_weather_features returned {},1,0.0,2026-05-12T06:54:55
2024-03-09,09-03-24,EMPTY,EMPTY_RETURN,get_weather_features returned {},1,0.0,2026-05-12T06:54:56
2024-03-27,27-03-24,EMPTY,EMPTY_RETURN,get_weather_features returned {},1,0.0,2026-05-12T06:54:56
2024-03-28,28-03-24,EMPTY,EMPTY_RETURN,get_weather_features returned {},1,0.0,2026-05-12T06:54:56
2024-03-29,29-03-24,EMPTY,EMPTY_RETURN,get_weather_features returned {},1,0.0,2026-05-12T06:54:56
2024-03-30,30-03-24,EMPTY,EMPTY_RETURN,get_weather_features returned {},1,0.0,2026-05-12T06:54:56
2024-03-31,31-03-24,EMPTY,EMPTY_RETURN,get_weather_features returned {},1,0.0,2026-05-12T06:54:56
2024-04-04,04-04-24,EMPTY,EMPTY_RETURN,get_weather_features returned {},1,0.0,2026-05-12T06:54:56
2024-04-05,05-04-24,EMPTY,EMPTY_RETURN,get_weather_features returned {},1,0.0,2026-05-12T06:54:56
2024-04-06,06-04-24,EMPTY,EMPTY_RETURN,get_weather_features returned {},1,0.0,2026-05-12T06:54:56
2024-04-30,30-04-24,EMPTY,EMPTY_RETURN,get_weather_features returned {},1,0.0,2026-05-12T06:54:57
2024-05-24,24-05-24,EMPTY,EMPTY_RETURN,get_weather_features returned {},1,0.0,2026-05-12T06:54:58
2024-08-11,11-08-24,EMPTY,EMPTY_RETURN,get_weather_features returned {},1,0.0,2026-05-12T06:55:00
2024-08-19,19-08-24,EMPTY,EMPTY_RETURN,get_weather_features returned {},1,0.0,2026-05-12T06:55:00
2024-10-02,02-10-24,EMPTY,EMPTY_RETURN,get_weather_features returned {},1,0.0,2026-05-12T06:55:02
2024-11-04,04-11-24,EMPTY,EMPTY_RETURN,get_weather_features returned {},1,0.0,2026-05-12T06:55:03
2024-11-06,06-11-24,EMPTY,EMPTY_RETURN,get_weather_features returned {},1,0.0,2026-05-12T06:55:03
2024-11-10,10-11-24,EMPTY,EMPTY_RETURN,get_weather_features returned {},1,0.0,2026-05-12T06:55:03
2024-11-13,13-11-24,EMPTY,EMPTY_RETURN,get_weather_features returned {},1,0.0,2026-05-12T06:55:04
2024-11-14,14-11-24,EMPTY,EMPTY_RETURN,get_weather_features returned {},1,0.0,2026-05-12T06:55:04
2024-11-17,17-11-24,EMPTY,EMPTY_RETURN,get_weather_features returned {},1,0.0,2026-05-12T06:55:04
2024-11-18,18-11-24,EMPTY,EMPTY_RETURN,get_weather_features returned {},1,0.0,2026-05-12T06:55:04
2024-11-19,19-11-24,EMPTY,EMPTY_RETURN,get_weather_features returned {},1,0.0,2026-05-12T06:55:04
2024-11-20,20-11-24,EMPTY,EMPTY_RETURN,get_weather_features returned {},1,0.0,2026-05-12T06:55:04
2024-11-21,21-11-24,EMPTY,EMPTY_RETURN,get_weather_features returned {},1,0.0,2026-05-12T06:55:04
2024-11-22,22-11-24,EMPTY,EMPTY_RETURN,get_weather_features returned {},1,0.0,2026-05-12T06:55:04
2024-11-23,23-11-24,EMPTY,EMPTY_RETURN,get_weather_features returned {},1,0.0,2026-05-12T06:55:04
2024-11-25,25-11-24,EMPTY,EMPTY_RETURN,get_weather_features returned {},1,0.0,2026-05-12T06:55:04
2024-11-27,27-11-24,EMPTY,EMPTY_RETURN,get_weather_features returned {},1,0.0,2026-05-12T06:55:04
2024-11-30,30-11-24,EMPTY,EMPTY_RETURN,get_weather_features returned {},1,0.0,2026-05-12T06:55:04
2024-12-04,04-12-24,EMPTY,EMPTY_RETURN,get_weather_features returned {},1,0.0,2026-05-12T06:55:04
2024-12-06,06-12-24,EMPTY,EMPTY_RETURN,get_weather_features returned {},1,0.0,2026-05-12T06:55:04
2024-12-07,07-12-24,EMPTY,EMPTY_RETURN,get_weather_features returned {},1,0.0,2026-05-12T06:55:04
2024-12-09,09-12-24,EMPTY,EMPTY_RETURN,get_weather_features returned {},1,0.0,2026-05-12T06:55:04
2024-12-10,10-12-24,EMPTY,EMPTY_RETURN,get_weather_features returned {},1,0.0,2026-05-12T06:55:04
2024-12-11,11-12-24,EMPTY,EMPTY_RETURN,get_weather_features returned {},1,0.0,2026-05-12T06:55:04
2024-12-15,15-12-24,EMPTY,EMPTY_RETURN,get_weather_features returned {},1,0.0,2026-05-12T06:55:05
2024-12-16,16-12-24,EMPTY,EMPTY_RETURN,get_weather_features returned {},1,0.0,2026-05-12T06:55:05
2024-12-18,18-12-24,EMPTY,EMPTY_RETURN,get_weather_features returned {},1,0.0,2026-05-12T06:55:05
2024-12-19,19-12-24,EMPTY,EMPTY_RETURN,get_weather_features returned {},1,0.0,2026-05-12T06:55:05
2024-12-20,20-12-24,EMPTY,EMPTY_RETURN,get_weather_features returned {},1,0.0,2026-05-12T06:55:05
2024-12-23,23-12-24,EMPTY,EMPTY_RETURN,get_weather_features returned {},1,0.0,2026-05-12T06:55:05
2024-12-24,24-12-24,EMPTY,EMPTY_RETURN,get_weather_features returned {},1,0.0,2026-05-12T06:55:05
2024-12-25,25-12-24,EMPTY,EMPTY_RETURN,get_weather_features returned {},1,0.0,2026-05-12T06:55:05
2024-12-27,27-12-24,EMPTY,EMPTY_RETURN,get_weather_features returned {},1,0.0,2026-05-12T06:55:05
2024-12-28,28-12-24,EMPTY,EMPTY_RETURN,get_weather_features returned {},1,0.0,2026-05-12T06:55:05
2024-12-29,29-12-24,EMPTY,EMPTY_RETURN,get_weather_features returned {},1,0.0,2026-05-12T06:55:05
2024-12-31,31-12-24,EMPTY,EMPTY_RETURN,get_weather_features returned {},1,0.0,2026-05-12T06:55:05
2025-01-04,04-01-25,EMPTY,EMPTY_RETURN,get_weather_features returned {},1,0.0,2026-05-12T06:55:05
2025-01-06,06-01-25,EMPTY,EMPTY_RETURN,get_weather_features returned {},1,0.0,2026-05-12T06:55:05
2025-01-07,07-01-25,EMPTY,EMPTY_RETURN,get_weather_features returned {},1,0.0,2026-05-12T06:55:05
2025-01-10,10-01-25,EMPTY,EMPTY_RETURN,get_weather_features returned {},1,0.0,2026-05-12T06:55:05
2025-01-12,12-01-25,EMPTY,EMPTY_RETURN,get_weather_features returned {},1,0.0,2026-05-12T06:55:05
2025-01-16,16-01-25,EMPTY,EMPTY_RETURN,get_weather_features returned {},1,0.0,2026-05-12T06:55:05
2025-01-18,18-01-25,EMPTY,EMPTY_RETURN,get_weather_features returned {},1,0.0,2026-05-12T06:55:06
2025-01-19,19-01-25,EMPTY,EMPTY_RETURN,get_weather_features returned {},1,0.0,2026-05-12T06:55:06
2025-01-21,21-01-25,EMPTY,EMPTY_RETURN,get_weather_features returned {},1,0.0,2026-05-12T06:55:06
2025-01-22,22-01-25,EMPTY,EMPTY_RETURN,get_weather_features returned {},1,0.0,2026-05-12T06:55:06
2025-01-24,24-01-25,EMPTY,EMPTY_RETURN,get_weather_features returned {},1,0.0,2026-05-12T06:55:06
2025-01-25,25-01-25,EMPTY,EMPTY_RETURN,get_weather_features returned {},1,0.0,2026-05-12T06:55:06
2025-01-27,27-01-25,EMPTY,EMPTY_RETURN,get_weather_features returned {},1,0.0,2026-05-12T06:55:06
2025-01-28,28-01-25,EMPTY,EMPTY_RETURN,get_weather_features returned {},1,0.0,2026-05-12T06:55:06
2025-01-30,30-01-25,EMPTY,EMPTY_RETURN,get_weather_features returned {},1,0.0,2026-05-12T06:55:06
2025-01-31,31-01-25,EMPTY,EMPTY_RETURN,get_weather_features returned {},1,0.0,2026-05-12T06:55:06
2025-02-02,02-02-25,EMPTY,EMPTY_RETURN,get_weather_features returned {},1,0.0,2026-05-12T06:55:06
2025-02-03,03-02-25,EMPTY,EMPTY_RETURN,get_weather_features returned {},1,0.0,2026-05-12T06:55:06
2025-02-05,05-02-25,EMPTY,EMPTY_RETURN,get_weather_features returned {},1,0.0,2026-05-12T06:55:06
2025-02-06,06-02-25,EMPTY,EMPTY_RETURN,get_weather_features returned {},1,0.0,2026-05-12T06:55:06
2025-02-08,08-02-25,EMPTY,EMPTY_RETURN,get_weather_features returned {},1,0.0,2026-05-12T06:55:06
2025-02-09,09-02-25,EMPTY,EMPTY_RETURN,get_weather_features returned {},1,0.0,2026-05-12T06:55:06
2025-02-10,10-02-25,EMPTY,EMPTY_RETURN,get_weather_features returned {},1,0.0,2026-05-12T06:55:06
2025-02-11,11-02-25,EMPTY,EMPTY_RETURN,get_weather_features returned {},1,0.0,2026-05-12T06:55:06
2025-02-12,12-02-25,EMPTY,EMPTY_RETURN,get_weather_features returned {},1,0.0,2026-05-12T06:55:06
2025-02-13,13-02-25,EMPTY,EMPTY_RETURN,get_weather_features returned {},1,0.0,2026-05-12T06:55:06
2025-02-14,14-02-25,EMPTY,EMPTY_RETURN,get_weather_features returned {},1,0.0,2026-05-12T06:55:06
2025-02-15,15-02-25,EMPTY,EMPTY_RETURN,get_weather_features returned {},1,0.0,2026-05-12T06:55:06
2025-02-16,16-02-25,EMPTY,EMPTY_RETURN,get_weather_features returned {},1,0.0,2026-05-12T06:55:06
2025-02-17,17-02-25,EMPTY,EMPTY_RETURN,get_weather_features returned {},1,0.0,2026-05-12T06:55:06
2025-02-19,19-02-25,EMPTY,EMPTY_RETURN,get_weather_features returned {},1,0.0,2026-05-12T06:55:06
2025-02-20,20-02-25,EMPTY,EMPTY_RETURN,get_weather_features returned {},1,0.0,2026-05-12T06:55:07
2025-02-22,22-02-25,EMPTY,EMPTY_RETURN,get_weather_features returned {},1,0.0,2026-05-12T06:55:07
2025-02-23,23-02-25,EMPTY,EMPTY_RETURN,get_weather_features returned {},1,0.0,2026-05-12T06:55:07
2025-02-24,24-02-25,EMPTY,EMPTY_RETURN,get_weather_features returned {},1,0.0,2026-05-12T06:55:07
2025-02-26,26-02-25,EMPTY,EMPTY_RETURN,get_weather_features returned {},1,0.0,2026-05-12T06:55:07
2025-02-27,27-02-25,EMPTY,EMPTY_RETURN,get_weather_features returned {},1,0.0,2026-05-12T06:55:07
2025-02-28,28-02-25,EMPTY,EMPTY_RETURN,get_weather_features returned {},1,0.0,2026-05-12T06:55:07
2025-03-04,04-03-25,EMPTY,EMPTY_RETURN,get_weather_features returned {},1,0.0,2026-05-12T06:55:07
2025-03-05,05-03-25,EMPTY,EMPTY_RETURN,get_weather_features returned {},1,0.0,2026-05-12T06:55:07
2025-03-06,06-03-25,EMPTY,EMPTY_RETURN,get_weather_features returned {},1,0.0,2026-05-12T06:55:07
2025-03-07,07-03-25,EMPTY,EMPTY_RETURN,get_weather_features returned {},1,0.0,2026-05-12T06:55:07
2025-03-20,20-03-25,EMPTY,EMPTY_RETURN,get_weather_features returned {},1,0.0,2026-05-12T06:55:07
2025-03-27,27-03-25,EMPTY,EMPTY_RETURN,get_weather_features returned {},1,0.0,2026-05-12T06:55:08
2025-05-04,04-05-25,EMPTY,EMPTY_RETURN,get_weather_features returned {},1,0.0,2026-05-12T06:55:09
2025-05-30,30-05-25,EMPTY,EMPTY_RETURN,get_weather_features returned {},1,0.0,2026-05-12T06:55:10
2025-06-06,06-06-25,EMPTY,EMPTY_RETURN,get_weather_features returned {},1,0.0,2026-05-12T06:55:10
2025-06-18,18-06-25,EMPTY,EMPTY_RETURN,get_weather_features returned {},1,0.0,2026-05-12T06:55:10
2025-06-30,30-06-25,EMPTY,EMPTY_RETURN,get_weather_features returned {},1,0.0,2026-05-12T06:55:11
2025-07-28,28-07-25,EMPTY,EMPTY_RETURN,get_weather_features returned {},1,0.0,2026-05-12T06:55:11
2025-07-29,29-07-25,EMPTY,EMPTY_RETURN,get_weather_features returned {},1,0.0,2026-05-12T06:55:11
2025-08-23,23-08-25,EMPTY,EMPTY_RETURN,get_weather_features returned {},1,0.0,2026-05-12T06:55:12
2025-08-24,24-08-25,EMPTY,EMPTY_RETURN,get_weather_features returned {},1,0.0,2026-05-12T06:55:12
2025-08-25,25-08-25,EMPTY,EMPTY_RETURN,get_weather_features returned {},1,0.0,2026-05-12T06:55:12
2025-08-26,26-08-25,EMPTY,EMPTY_RETURN,get_weather_features returned {},1,0.0,2026-05-12T06:55:12
2025-08-27,27-08-25,EMPTY,EMPTY_RETURN,get_weather_features returned {},1,0.0,2026-05-12T06:55:12
2025-08-28,28-08-25,EMPTY,EMPTY_RETURN,get_weather_features returned {},1,0.0,2026-05-12T06:55:12
2025-08-29,29-08-25,EMPTY,EMPTY_RETURN,get_weather_features returned {},1,0.0,2026-05-12T06:55:12
2025-08-30,30-08-25,EMPTY,EMPTY_RETURN,get_weather_features returned {},1,0.0,2026-05-12T06:55:12
2025-08-31,31-08-25,EMPTY,EMPTY_RETURN,get_weather_features returned {},1,0.0,2026-05-12T06:55:12
2025-09-01,01-09-25,EMPTY,EMPTY_RETURN,get_weather_features returned {},1,0.0,2026-05-12T06:55:12
2025-09-02,02-09-25,EMPTY,EMPTY_RETURN,get_weather_features returned {},1,0.0,2026-05-12T06:55:12
2025-09-03,03-09-25,EMPTY,EMPTY_RETURN,get_weather_features returned {},1,0.0,2026-05-12T06:55:12
2025-09-04,04-09-25,EMPTY,EMPTY_RETURN,get_weather_features returned {},1,0.0,2026-05-12T06:55:12
2025-09-05,05-09-25,EMPTY,EMPTY_RETURN,get_weather_features returned {},1,0.0,2026-05-12T06:55:12
2025-09-06,06-09-25,EMPTY,EMPTY_RETURN,get_weather_features returned {},1,0.0,2026-05-12T06:55:12
2025-09-07,07-09-25,EMPTY,EMPTY_RETURN,get_weather_features returned {},1,0.0,2026-05-12T06:55:12
2025-09-08,08-09-25,EMPTY,EMPTY_RETURN,get_weather_features returned {},1,0.0,2026-05-12T06:55:12
2025-09-09,09-09-25,EMPTY,EMPTY_RETURN,get_weather_features returned {},1,0.0,2026-05-12T06:55:12
2025-09-10,10-09-25,EMPTY,EMPTY_RETURN,get_weather_features returned {},1,0.0,2026-05-12T06:55:12
2025-09-11,11-09-25,EMPTY,EMPTY_RETURN,get_weather_features returned {},1,0.0,2026-05-12T06:55:12
2025-09-12,12-09-25,EMPTY,EMPTY_RETURN,get_weather_features returned {},1,0.0,2026-05-12T06:55:12
2025-09-13,13-09-25,EMPTY,EMPTY_RETURN,get_weather_features returned {},1,0.0,2026-05-12T06:55:12
2025-09-14,14-09-25,EMPTY,EMPTY_RETURN,get_weather_features returned {},1,0.0,2026-05-12T06:55:12
2025-09-15,15-09-25,EMPTY,EMPTY_RETURN,get_weather_features returned {},1,0.0,2026-05-12T06:55:13
2025-09-16,16-09-25,EMPTY,EMPTY_RETURN,get_weather_features returned {},1,0.0,2026-05-12T06:55:13
2025-09-17,17-09-25,EMPTY,EMPTY_RETURN,get_weather_features returned {},1,0.0,2026-05-12T06:55:13
2025-09-18,18-09-25,EMPTY,EMPTY_RETURN,get_weather_features returned {},1,0.0,2026-05-12T06:55:13
2025-09-19,19-09-25,EMPTY,EMPTY_RETURN,get_weather_features returned {},1,0.0,2026-05-12T06:55:13
2025-09-20,20-09-25,EMPTY,EMPTY_RETURN,get_weather_features returned {},1,0.0,2026-05-12T06:55:13
2025-09-21,21-09-25,EMPTY,EMPTY_RETURN,get_weather_features returned {},1,0.0,2026-05-12T06:55:13
2025-09-22,22-09-25,EMPTY,EMPTY_RETURN,get_weather_features returned {},1,0.0,2026-05-12T06:55:13
2025-09-23,23-09-25,EMPTY,EMPTY_RETURN,get_weather_features returned {},1,0.0,2026-05-12T06:55:13
2025-09-24,24-09-25,EMPTY,EMPTY_RETURN,get_weather_features returned {},1,0.0,2026-05-12T06:55:13
2025-09-25,25-09-25,EMPTY,EMPTY_RETURN,get_weather_features returned {},1,0.0,2026-05-12T06:55:13
2025-09-26,26-09-25,EMPTY,EMPTY_RETURN,get_weather_features returned {},1,0.0,2026-05-12T06:55:13
2025-09-27,27-09-25,EMPTY,EMPTY_RETURN,get_weather_features returned {},1,0.0,2026-05-12T06:55:13
2025-09-28,28-09-25,EMPTY,EMPTY_RETURN,get_weather_features returned {},1,0.0,2026-05-12T06:55:13
2025-09-29,29-09-25,EMPTY,EMPTY_RETURN,get_weather_features returned {},1,0.0,2026-05-12T06:55:13
2025-09-30,30-09-25,EMPTY,EMPTY_RETURN,get_weather_features returned {},1,0.0,2026-05-12T06:55:13
2025-10-01,01-10-25,EMPTY,EMPTY_RETURN,get_weather_features returned {},1,0.0,2026-05-12T06:55:13
2025-10-02,02-10-25,EMPTY,EMPTY_RETURN,get_weather_features returned {},1,0.0,2026-05-12T06:55:13
2025-10-03,03-10-25,EMPTY,EMPTY_RETURN,get_weather_features returned {},1,0.0,2026-05-12T06:55:13
2025-10-04,04-10-25,EMPTY,EMPTY_RETURN,get_weather_features returned {},1,0.0,2026-05-12T06:55:13
2025-10-05,05-10-25,EMPTY,EMPTY_RETURN,get_weather_features returned {},1,0.0,2026-05-12T06:55:13
2025-10-06,06-10-25,EMPTY,EMPTY_RETURN,get_weather_features returned {},1,0.0,2026-05-12T06:55:13
2025-10-07,07-10-25,EMPTY,EMPTY_RETURN,get_weather_features returned {},1,0.0,2026-05-12T06:55:13
2025-10-08,08-10-25,EMPTY,EMPTY_RETURN,get_weather_features returned {},1,0.0,2026-05-12T06:55:13
2025-10-09,09-10-25,EMPTY,EMPTY_RETURN,get_weather_features returned {},1,0.0,2026-05-12T06:55:13
2025-10-10,10-10-25,EMPTY,EMPTY_RETURN,get_weather_features returned {},1,0.0,2026-05-12T06:55:13
2025-10-11,11-10-25,EMPTY,EMPTY_RETURN,get_weather_features returned {},1,0.0,2026-05-12T06:55:13
2025-10-12,12-10-25,EMPTY,EMPTY_RETURN,get_weather_features returned {},1,0.0,2026-05-12T06:55:13
2025-10-13,13-10-25,EMPTY,EMPTY_RETURN,get_weather_features returned {},1,0.0,2026-05-12T06:55:13
2025-10-14,14-10-25,EMPTY,EMPTY_RETURN,get_weather_features returned {},1,0.0,2026-05-12T06:55:13
2025-10-15,15-10-25,EMPTY,EMPTY_RETURN,get_weather_features returned {},1,0.0,2026-05-12T06:55:13
2025-10-16,16-10-25,EMPTY,EMPTY_RETURN,get_weather_features returned {},1,0.0,2026-05-12T06:55:13
2025-10-17,17-10-25,EMPTY,EMPTY_RETURN,get_weather_features returned {},1,0.0,2026-05-12T06:55:13
2025-10-18,18-10-25,EMPTY,EMPTY_RETURN,get_weather_features returned {},1,0.0,2026-05-12T06:55:13
2025-10-19,19-10-25,EMPTY,EMPTY_RETURN,get_weather_features returned {},1,0.0,2026-05-12T06:55:13
2025-10-20,20-10-25,EMPTY,EMPTY_RETURN,get_weather_features returned {},1,0.0,2026-05-12T06:55:13
2025-10-21,21-10-25,EMPTY,EMPTY_RETURN,get_weather_features returned {},1,0.0,2026-05-12T06:55:13
2025-10-22,22-10-25,EMPTY,EMPTY_RETURN,get_weather_features returned {},1,0.0,2026-05-12T06:55:13
2025-10-23,23-10-25,EMPTY,EMPTY_RETURN,get_weather_features returned {},1,0.0,2026-05-12T06:55:13
2025-10-24,24-10-25,EMPTY,EMPTY_RETURN,get_weather_features returned {},1,0.0,2026-05-12T06:55:13
2025-10-25,25-10-25,EMPTY,EMPTY_RETURN,get_weather_features returned {},1,0.0,2026-05-12T06:55:13
2025-10-26,26-10-25,EMPTY,EMPTY_RETURN,get_weather_features returned {},1,0.0,2026-05-12T06:55:13
2025-10-27,27-10-25,EMPTY,EMPTY_RETURN,get_weather_features returned {},1,0.0,2026-05-12T06:55:13
2025-10-28,28-10-25,EMPTY,EMPTY_RETURN,get_weather_features returned {},1,0.0,2026-05-12T06:55:13
2025-10-29,29-10-25,EMPTY,EMPTY_RETURN,get_weather_features returned {},1,0.0,2026-05-12T06:55:13
2025-10-30,30-10-25,EMPTY,EMPTY_RETURN,get_weather_features returned {},1,0.0,2026-05-12T06:55:13
2025-10-31,31-10-25,EMPTY,EMPTY_RETURN,get_weather_features returned {},1,0.0,2026-05-12T06:55:13
2025-11-01,01-11-25,EMPTY,EMPTY_RETURN,get_weather_features returned {},1,0.0,2026-05-12T06:55:13
2025-11-02,02-11-25,EMPTY,EMPTY_RETURN,get_weather_features returned {},1,0.0,2026-05-12T06:55:13
2025-11-03,03-11-25,EMPTY,EMPTY_RETURN,get_weather_features returned {},1,0.0,2026-05-12T06:55:13
2025-11-04,04-11-25,EMPTY,EMPTY_RETURN,get_weather_features returned {},1,0.0,2026-05-12T06:55:13
2025-11-05,05-11-25,EMPTY,EMPTY_RETURN,get_weather_features returned {},1,0.0,2026-05-12T06:55:13
2025-11-06,06-11-25,EMPTY,EMPTY_RETURN,get_weather_features returned {},1,0.0,2026-05-12T06:55:13
2025-11-07,07-11-25,EMPTY,EMPTY_RETURN,get_weather_features returned {},1,0.0,2026-05-12T06:55:13
2025-11-08,08-11-25,EMPTY,EMPTY_RETURN,get_weather_features returned {},1,0.0,2026-05-12T06:55:13
2025-11-09,09-11-25,EMPTY,EMPTY_RETURN,get_weather_features returned {},1,0.0,2026-05-12T06:55:13
2025-11-10,10-11-25,EMPTY,EMPTY_RETURN,get_weather_features returned {},1,0.0,2026-05-12T06:55:13
2025-11-11,11-11-25,EMPTY,EMPTY_RETURN,get_weather_features returned {},1,0.0,2026-05-12T06:55:13
2025-11-12,12-11-25,EMPTY,EMPTY_RETURN,get_weather_features returned {},1,0.0,2026-05-12T06:55:13
2025-11-13,13-11-25,EMPTY,EMPTY_RETURN,get_weather_features returned {},1,0.0,2026-05-12T06:55:13
2025-11-14,14-11-25,EMPTY,EMPTY_RETURN,get_weather_features returned {},1,0.0,2026-05-12T06:55:13
2025-11-15,15-11-25,EMPTY,EMPTY_RETURN,get_weather_features returned {},1,0.0,2026-05-12T06:55:13
2025-11-16,16-11-25,EMPTY,EMPTY_RETURN,get_weather_features returned {},1,0.0,2026-05-12T06:55:13
2025-11-17,17-11-25,EMPTY,EMPTY_RETURN,get_weather_features returned {},1,0.0,2026-05-12T06:55:13
2025-11-18,18-11-25,EMPTY,EMPTY_RETURN,get_weather_features returned {},1,0.0,2026-05-12T06:55:13
2025-11-19,19-11-25,EMPTY,EMPTY_RETURN,get_weather_features returned {},1,0.0,2026-05-12T06:55:13
2025-11-20,20-11-25,EMPTY,EMPTY_RETURN,get_weather_features returned {},1,0.0,2026-05-12T06:55:13
2025-11-21,21-11-25,EMPTY,EMPTY_RETURN,get_weather_features returned {},1,0.0,2026-05-12T06:55:13
2025-11-22,22-11-25,EMPTY,EMPTY_RETURN,get_weather_features returned {},1,0.0,2026-05-12T06:55:13
2025-11-23,23-11-25,EMPTY,EMPTY_RETURN,get_weather_features returned {},1,0.0,2026-05-12T06:55:13
2025-11-24,24-11-25,EMPTY,EMPTY_RETURN,get_weather_features returned {},1,0.0,2026-05-12T06:55:13
2025-11-25,25-11-25,EMPTY,EMPTY_RETURN,get_weather_features returned {},1,0.0,2026-05-12T06:55:13
2025-11-26,26-11-25,EMPTY,EMPTY_RETURN,get_weather_features returned {},1,0.0,2026-05-12T06:55:13
2025-11-27,27-11-25,EMPTY,EMPTY_RETURN,get_weather_features returned {},1,0.0,2026-05-12T06:55:13
2025-11-28,28-11-25,EMPTY,EMPTY_RETURN,get_weather_features returned {},1,0.0,2026-05-12T06:55:13
2025-11-29,29-11-25,EMPTY,EMPTY_RETURN,get_weather_features returned {},1,0.0,2026-05-12T06:55:13
2025-11-30,30-11-25,EMPTY,EMPTY_RETURN,get_weather_features returned {},1,0.0,2026-05-12T06:55:13
2025-12-01,01-12-25,EMPTY,EMPTY_RETURN,get_weather_features returned {},1,0.0,2026-05-12T06:55:13
2025-12-02,02-12-25,EMPTY,EMPTY_RETURN,get_weather_features returned {},1,0.0,2026-05-12T06:55:13
2025-12-03,03-12-25,EMPTY,EMPTY_RETURN,get_weather_features returned {},1,0.0,2026-05-12T06:55:13
2025-12-04,04-12-25,EMPTY,EMPTY_RETURN,get_weather_features returned {},1,0.0,2026-05-12T06:55:13
2025-12-05,05-12-25,EMPTY,EMPTY_RETURN,get_weather_features returned {},1,0.0,2026-05-12T06:55:13
2025-12-06,06-12-25,EMPTY,EMPTY_RETURN,get_weather_features returned {},1,0.0,2026-05-12T06:55:13
2025-12-07,07-12-25,EMPTY,EMPTY_RETURN,get_weather_features returned {},1,0.0,2026-05-12T06:55:13
2025-12-08,08-12-25,EMPTY,EMPTY_RETURN,get_weather_features returned {},1,0.0,2026-05-12T06:55:13
2025-12-09,09-12-25,EMPTY,EMPTY_RETURN,get_weather_features returned {},1,0.0,2026-05-12T06:55:13
2025-12-10,10-12-25,EMPTY,EMPTY_RETURN,get_weather_features returned {},1,0.0,2026-05-12T06:55:13
2025-12-11,11-12-25,EMPTY,EMPTY_RETURN,get_weather_features returned {},1,0.0,2026-05-12T06:55:13
2025-12-12,12-12-25,EMPTY,EMPTY_RETURN,get_weather_features returned {},1,0.0,2026-05-12T06:55:13
2025-12-13,13-12-25,EMPTY,EMPTY_RETURN,get_weather_features returned {},1,0.0,2026-05-12T06:55:13
2025-12-14,14-12-25,EMPTY,EMPTY_RETURN,get_weather_features returned {},1,0.0,2026-05-12T06:55:13
2025-12-15,15-12-25,EMPTY,EMPTY_RETURN,get_weather_features returned {},1,0.0,2026-05-12T06:55:13
2025-12-16,16-12-25,EMPTY,EMPTY_RETURN,get_weather_features returned {},1,0.0,2026-05-12T06:55:13
2025-12-17,17-12-25,EMPTY,EMPTY_RETURN,get_weather_features returned {},1,0.0,2026-05-12T06:55:13
2025-12-18,18-12-25,EMPTY,EMPTY_RETURN,get_weather_features returned {},1,0.0,2026-05-12T06:55:13
2025-12-19,19-12-25,EMPTY,EMPTY_RETURN,get_weather_features returned {},1,0.0,2026-05-12T06:55:13
2025-12-20,20-12-25,EMPTY,EMPTY_RETURN,get_weather_features returned {},1,0.0,2026-05-12T06:55:13
2025-12-21,21-12-25,EMPTY,EMPTY_RETURN,get_weather_features returned {},1,0.0,2026-05-12T06:55:13
2025-12-22,22-12-25,EMPTY,EMPTY_RETURN,get_weather_features returned {},1,0.0,2026-05-12T06:55:13
2025-12-23,23-12-25,EMPTY,EMPTY_RETURN,get_weather_features returned {},1,0.0,2026-05-12T06:55:13
2025-12-24,24-12-25,EMPTY,EMPTY_RETURN,get_weather_features returned {},1,0.0,2026-05-12T06:55:14
2025-12-25,25-12-25,EMPTY,EMPTY_RETURN,get_weather_features returned {},1,0.0,2026-05-12T06:55:14
2025-12-26,26-12-25,EMPTY,EMPTY_RETURN,get_weather_features returned {},1,0.0,2026-05-12T06:55:14
2025-12-27,27-12-25,EMPTY,EMPTY_RETURN,get_weather_features returned {},1,0.0,2026-05-12T06:55:14
2025-12-28,28-12-25,EMPTY,EMPTY_RETURN,get_weather_features returned {},1,0.0,2026-05-12T06:55:14
2025-12-29,29-12-25,EMPTY,EMPTY_RETURN,get_weather_features returned {},1,0.0,2026-05-12T06:55:14
2025-12-30,30-12-25,EMPTY,EMPTY_RETURN,get_weather_features returned {},1,0.0,2026-05-12T06:55:14
2025-12-31,31-12-25,EMPTY,EMPTY_RETURN,get_weather_features returned {},1,0.0,2026-05-12T06:55:14
